sequence	PeptideAtlas_observations	GPMDB_observations	Uniprot_Extended_PE
AAAAAAAAAPAAAATAATTAATTAATAAQ	835	280	
AAAAPAPPAGPR	0	0	
AAAGDLGGDHLAFSCDVAKEHDVQNTFEEMEK	0	0	
AAAGLPLVPR	0	0	PE=2
AAAPAPVSEAVSR	3230	0	PE=2
AAAQPQAVASTHAEAMSNAKVK	0	0	
AAASHLFPFEK	959	0	
AAASHLFPFEKL	135	4	
AACSATAMEEDSEASSSR	6	0	
AADWLFSADVSRPPGSTVYTCMLNHHGGTESDLTVSR	32	0	PE=2
AAECSDFPVPSTEGTPIQGSK	0	0	
AAEIGYEDPINPTYEATNTMYHR	3	0	
AAENHQGTLTEYCSTLMSLPTK	41	0	PE=2,PE=5
AAEPQGEPGGGGGGGGGGR	0	0	
AAEPQGEPGGGGGGGGGGRGGSSVWLEPR	0	0	
AAESPDQKDTEGGPKEEESPV	2021	18	PE=2
AAEVAPAVR	0	0	
AAGEVDIGDAAYYFER	415	0	PE=3
AAGFEEIEQDLTQRFEEK	0	0	
AAGQPGSELLVVTIGLDGATR	0	0	
AAGSDVNIDMAFILDSAETTTLFQFNEMKK	0	0	
AALGTLYLTATHVIFVENSPDAR	4	0	PE=2
AALQELESEHGK	0	0	
AALVDQSGVLLAFADQPIKK	0	45	
AAMRETWLNENQR	44	960	PE=4
AAPQNGGSSEPPAAPR	0	2	
AAPSALGALTCHHTFGGWGTLVNPTGLALCPK	0	0	
AAPSTAPAEATLPKPGEAEAPPK	2	0	
AAPTQVLSMTAQPGPGHGK	0	0	
AAQLLDVR	133	1982	PE=2
AARPPPAASATPTAQPLPQPPAPR	1340	33	
AARPPPDQLASEEPWTVLPEHLILVAPSPCDMAK	41	0	PE=2
AASPAGALKPGR	100	10	
AASYGLTPATSDCR	0	1	
AATDLPGPETPR	7	0	
AATMENAVLLETNTVEEK	13	16	
AATMPHSVISDSPR	95	0	PE=2
AAVDCSVPVSMSTSIK	0	0	PE=2
AAVFHEKDYDSLAQPGFFDRFLR	0	0	
AAYLDDLR	197	2406	PE=2
ACLGSLHELESEPVIQVTVGSAK	38	3	PE=2
ACNCNPYGTMK	8	6	
ACNVLQSSHLEDYPFDAEY	12	0	
ACPDSLGSPAPSHAYHR	0	0	
ADDKVYPGKQYTYMLLATEEQSPGEGDGNCVTR	0	0	
ADEPQWSLYPSNSQVSEEVK	2	0	
ADEPQWSLYPSNSQVSEEVKTR	0	0	
ADESTYVLVAHSGSGVIER	4	20	
ADEVVSASVR	50	0	PE=2
ADGENPDILTHCEHDSNSQASDSPDICHDSEAKEETEK	1	0	PE=2
ADIAVVICDTPQK	0	0	
ADIEMPFDPSKVVASGPGLQHGK	0	0	
ADISQEVEEVLAESR	54	0	
ADLATAPPHVTIVR	0	0	
ADLDVSGPKVDVDIPDVNIEGPDAK	0	0	
ADNKEDGEERDDEMENK	0	0	
ADNNIDAIEETLETDDTTICSDRPPENEK	167	0	PE=2
ADNSVPGTPTR	265	15	PE=2
ADPPKTHVTHHPVSDHEATLR	224	21	PE=2,PE=3,PE=1
ADPVPLESMDSASTGK	1	0	
ADPVPLESMDSASTGKTEPGLLGK	0	3	
ADSGVHLCVIDDSNEHMLTVWDWQK	263	136	
ADSGVHLCVIDDSNEHMLTVWDWQR	201	4	PE=2
ADSQAQLLLSMVVGVFTAPGLHLK	409	0	
ADSQDAGQETEKEGEDPQASAQDETPITSAK	16	0	
ADVSQEVEEVLAESHVQR	2	0	
ADVWDAGHYTCEALNQAGR	0	0	
AEAEAGSPRPEPR	0	0	
AEAEDTSKDPVGR	211	0	PE=2
AEAGAGAEAGAGAGAEAGAEAR	0	0	
AEAPGSPAVVLPGR	30	0	
AEAPQSCSCENPR	0	0	
AEAPYLLVSNGHLPK	0	0	
AEAYLIEQMYDEAIQDYETAQEHNENDQQIR	0	0	
AEDEENEKETAVSTEDDSHHK	757	0	PE=2
AEDEENEKETAVSTEDDSHHKAEK	119	0	PE=2
AEDMALYYCAK	43	0	PE=2
AEDPEVDVNLPK	0	0	
AEDTALYYCAR	0	200	PE=2,PE=4
AEDTAMYYCAK	405	0	PE=2
AEDTAVYFCAK	1452	0	PE=2,PE=4
AEEAPEQSASVEVPSSNVQQHQK	0	0	
AEEEFFDIIFTELK	17	4	
AEEEFFDIIFTELKK	4	3	
AEEGGETEAQKEGSEDAGNLPEAQEK	1	0	
AEEINAKAEEEFNIEKGR	0	0	
AEEPGDGPAEEWLGR	3	0	
AEESMGIGSEEKPGR	0	0	
AEEWLKLLLEYQK	0	0	
AEGAQNQDKKAEGAQNQGR	18	1	PE=2
AEGAQPQQPPQLGPGAAAR	2	234	
AEGDEAARGQQPHQGLR	30	0	
AEHMETNAVGPSQSSDTR	1147	0	PE=2
AEIKDGLEFMQHSETLWK	509	0	PE=2
AEILESVIK	62	0	PE=2
AELLQDICHR	0	0	
AELQTESLTPVPNSGSSVLGSLFK	0	0	
AELSRSDLSLIQQQQQQQQQQQQQQQK	1	0	PE=2
AELSRSDLSLIQQQQQQQQQQQQQQQQK	0	0	
AELTSQELQISTYEEELAK	0	0	
AENFTPVFMAPPVHYPR	0	0	
AENNLLALGLK	0	0	
AEPSEATQSHSISSSSFGAEPSAPGGGGSPGACPALGTK	4	0	
AEQIASVQNAQR	6	0	
AEQQQQQQQQQQQQHQHQQQQQQQQQQQQQQQHLSR	0	0	
AEQQQQQQQQQQQQQHQHQQQQQQQQQQQQQHLSR	0	0	
AEQQQQQQQQQQQQQQHQHQQQQQQQQQQQQQQQHLSR	0	0	
AEQSPSVEENLSIEDLELLEGR	0	0	
AESGPEKPHLNLWLEAPDLLLAEIDLPK	232	10	
AESLVGGAPGPR	0	0	
AETEKPANQKEPTTCHTTVK	1	0	
AEVLGHKTPELAPR	9	0	
AEVQKLQALANEQAAAAHQLEK	0	0	
AEVSPEPLR	0	0	
AEVTAHEVAVSLPSVEVDIQAPGAK	0	0	
AEVTAPDVEVSLPSVEVDIEAPGAK	0	0	
AFAKLPPNVLR	34	0	PE=2
AFCGNPAAVCLLENELDEDMHQK	78	0	PE=2
AFDQGADAIYDHVNEGK	38	0	
AFEPYLEILELYSTK	14	0	
AFFPTCCVSADSGLLVGR	61	0	PE=2
AFFQSHPAPSAER	0	0	
AFGAGADFVMLGGMFSGHTECAGEVIER	0	984	
AFGLQAVDLVYIDFR	91	0	
AFITHGGTNGIYEAIYHGVPMVGIPIFADQPDNIAHMK	0	0	
AFLADPSAFVAAATTAAPAAAAAPAKVEAK	0	0	
AFSEYLGTDQSK	25	0	
AFSEYLGTDQSKWK	1	0	
AFSEYLGTDQSKWKAYDATHLVK	0	0	
AFSSLNTLPEELRPYVPLFCSILTK	279	0	PE=2
AFVEWSQALLLAPEGSR	379	0	PE=2
AFVEWSQALLLAPEGSRR	15	0	PE=2
AFYPASLSPPAAGTAAGLPTALLR	2	0	
AFYYPEEAGLSFGGPGSSR	0	0	
AGAGPPGAQGPGPEGQSLAPALR	1	0	
AGALNSNDAFVLKTPSAAYLWVGTGASEAEKMGAQELLR	0	0	
AGEGSYALDSESCMEK	277	0	PE=2
AGEPNSPDAEEANSPDVTAGCDQAGVHPPR	0	0	
AGGGGGDYGLVTAGCGFGK	0	0	
AGGHCGSVPAAAAGSGEIVQLNVGGTR	0	0	
AGGSYGFGGAR	7	0	
AGHFDKEIVPVLVSTRR	76	0	PE=2
AGKDVTGSPRPGGDGEGDPNHIER	2	0	PE=2
AGNTIHAILLYR	0	5037	
AGPAWMVR	0	18521	
AGPDAVTHDNEWEMLSPQPVQK	89	0	PE=2
AGPDAVTHDSEWEMLSPQPVQK	27	0	PE=2
AGPKAEGEEDEVK	2	0	
AGPLGLGPGDGCFTLPGHR	144	0	PE=2
AGSEVLAAAGAVFLPGDSCR	0	0	
AGSGVRQVTSTASTFVKPIFSR	0	0	
AGSHTAQNSDVFVPESDRSDYNCTGGTEVLANSNR	40	0	
AGSHTAQNSDVFVPESDRSDYNCTGGTEVLANSNRK	61	0	
AGTAFYIDQCAVHAATEGR	248	0	PE=2
AGTFPVNGPPRDSLAAASGVLGGPQTPLAPEEETQAR	25	0	PE=2
AGTGLKGEEVEGAGWMPGREPTTHAEAQGNEGDGEEGLQR	0	0	
AGVAAPATQVVQVTLQSVQR	495	0	
AGVETTIPSK	0	0	
AHAFVVQQK	70	0	
AHAFVVQQKEQELQQTLQQEQSVLDQLRGEAEAAR	0	0	
AHLWELEQAR	0	0	
AHQTGQTVTGSGTQTQAGATQTVEQDSSHQTGR	0	0	
AHRLHQLAYDTYQEFEEAYIPK	0	0	
AHRLHQLAYDTYQEFEEAYIPKEQK	0	0	
AHSQIDRVDLGTLR	72	0	PE=2,PE=3,PE=4
AHTTSTGLWGLINNAGHNEVVADAELSPVATFR	0	0	
AIFMDCGIHAR	2398	982	PE=2
AIHLNLEEYR	0	0	
AILDAEPGPRPALQPSPSIHLPLDAPLPGSK	0	0	
AILQQLLLLR	0	0	
AIMLLEGQKVIPR	13	0	
AINLNRPILYGEQEESTVHVGR	24	0	PE=2
AKEEIGAVSSK	119	0	PE=2
AKEHMLQTNWK	1	0	PE=2
AKLDGAQLQGDLSLADK	0	0	
AKLDGAQLQGDLSLADKAVTAK	0	0	
AKLDSAHLQGDLTLANKDVTTK	0	0	
AKLDSAQLEGDLSLANK	0	0	
AKLDSAQLEGDLSLANKDVTAK	0	0	
AKLPDATPK	2943	51	PE=2
AKLPDATPKELAK	70	0	PE=2
AKLPEATPTELAK	6461	24	PE=4
AKPEGALHNNDGLYDPDCDESGLFK	0	0	
AKSHPEVSIEHLGQVVQCSHEEGLVCR	2	0	PE=2,PE=4
AKVETMTLDLALLR	1	0	PE=2
ALAAAAADPEGPEAGCSLAWR	0	0	
ALAQVFCEESGSSPLLQK	1	0	
ALASYVAACQAAGVVIK	0	0	
ALASYVAACQAAGVVIKDWR	0	0	
ALAVWSLDGQQALQVR	0	3	
ALCCAGCLSENLR	0	0	
ALDRPYTSK	9	0	
ALDSNSLENDDLSAPGREPGDFNPESR	20	0	
ALEDVFDALEGKSIKS	2	0	PE=2
ALEQQASTPPPPLLPGSSAEPPPPPPPPPLPSVGAK	0	0	
ALEQQASTPPPPPPLLPGSSAEPPPPPPPPPLPSVGAK	0	0	
ALEWLAHISSNDEK	0	0	
ALEWLARIDWDDDKYSTSLK	0	0	
ALFNYNPNEDK	0	0	
ALFNYNPNEDKAIPCK	0	0	
ALFNYNPNEDKAIPCKEAGLSFK	0	0	
ALFREPDLVLR	563	15	PE=2,PE=4
ALFSQISSAVSLR	75	10	
ALFSQISSAVSLRR	0	0	
ALGALDSCAPGLCPDWDSWDASKPVTNAR	0	0	
ALGEDQVAETSAMSDALKDILK	0	0	
ALGFEAAESSLSK	31	0	
ALGHGVDLGHIYGDNMER	2	0	
ALLEGESNPEIVIWAEHIENMPSEFR	0	0	
ALLMKNCNGGAINCTNVQISDSPFR	0	0	
ALLNAESLPTHR	634	0	PE=2
ALLPKNTAPDNGPILLQAQTTQR	0	0	
ALMDEIEHDITK	0	0	
ALNSASTSLPTSCPGSEPVPTHQQEQPALELK	0	0	
ALNVPPSLDCR	168	0	PE=2
ALPNSEDLVK	760	6	PE=4
ALQNFKEGNAIFTFPNTPVK	0	0	
ALREAPLGLR	0	0	
ALRETLLAQPAAGQATIPEWCQGSAPSGLEGELLR	2	0	
ALREWEEAER	256	0	PE=2
ALREWEEAERAQR	6	0	PE=2
ALRPDMGYNTLANFGIEK	0	0	
ALSCQTLAAGYYHTECVSGCVCPNGLMDDGR	0	0	
ALSPPHDTENPYSAK	0	0	
ALSQHLPETGTATDQLLR	0	0	
ALYEVFSHPVER	2	0	
AMGIMNSFINDIFER	0	119	
AMQADISEAAQILSSDPSR	19	0	
AMVGHLNELLVK	0	0	
ANFLNSNDVFVIK	0	0	
ANGGTTDYAAPVK	113	2093	
ANGYCFGAQEQR	0	1	
ANLQEEEGSHEDFSQLLR	0	0	
ANNAGGGLPAAGPGDR	14	6	
ANNSMEQGENLQK	0	0	
ANYNPSLK	45	0	PE=2
APADPAPAPADPASPQHQPAGPAPLLSTPAPEAR	2	0	
APDPGFQERFFQQRLDHFNFQR	0	0	
APEQQPPPPVATSQHHPGPQSR	0	0	
APGFPLVSSLRPTAR	26	0	PE=2,PE=1
APLPEFGAVSLKPPQPQFTDLPK	2	0	
APPAPGPASGGCGEVDELFDVK	12	0	
APQEFMTSHLEAGSR	0	0	
APRPQSEESLDEEDKR	0	0	
APSACAPEPGIPGETR	18	0	PE=4
APSPLYSVEFSEEPFGVIVHR	4936	27	PE=2
APSVSAKPGPALWPLPLSVK	103	9	PE=2
APTGEPGGVGSQPDDGDSPR	17	1	
APTGEPGGVGSQPDDGDSPRNPHDSTGAPETRPDGR	4	0	
APTTQGTPQTPKDDPAITLLNNR	0	0	
APVIRPGGTLGLSEAADSDAR	0	0	
APYPNYDRDILTIDISR	9	0	
AQACNLDQSGTNVAK	3	0	
AQDTLAQLQETLELIDHMQCGVTPTAPARPGK	0	0	
AQEALLQLSQALSLMETVK	573	200	
AQEAMTDETPDSSK	35	0	PE=2
AQFGDKPSEGRPR	217	2318	
AQQEQAAHQATLR	0	0	
AQQEQLLLQQQLQQQQQQPPSQLCTAPASSHER	897	216	PE=2
AQQNLSWEEITK	0	2	
AQQNLSWEEITKEYQNEEDSLGGSR	0	0	
AQREDELTFTK	521	3248	PE=2
AQTDREDLRTLLR	2	0	PE=4,PE=2,PE=3,PE=1
AQTLAMNVRNFLKEDAVK	0	0	PE=4
AQTLGAVVPPGDSVR	211	1	PE=2
AQVDEVLQLR	3	0	
AQVDEVLQLREELEALRR	0	0	
AQVLALYR	10	3	
AQVPGHQPEATNLIPVAVK	0	0	
AQVSPPASDMLHMR	2650	0	PE=2
AQYESIATK	22	0	PE=2
ARDEGSYMCSAYQGSQAVSR	0	0	
AREEVPALHPASHDIGK	0	0	
ARNGDDCPLGPGR	0	0	
ASAILPGVLGSETLSNEVFQESEEEKQPEVPSLLAK	0	0	
ASDTAMYYCVR	277	0	PE=2
ASEAEAPDKHGSSFVSLLK	0	0	
ASEDPLLNLVSPLGCEVDVEEGDVGRDSK	136	0	PE=2
ASEEEPEYGEEIKGYPGVQGPEDLEWER	33	0	PE=2
ASEGAMSDGPVPAEHR	0	0	
ASGFEFSQVLALSGAGQQHGSIYWK	4	0	PE=2
ASGFTFTSSAMQWVR	5	2	PE=2
ASGGTFSSYTISWVR	27	0	PE=2
ASGSFAPISQAPPSFSPPPPLVPPAPEDLRR	5	0	
ASGVGLPGGANYQER	0	0	
ASGYTFTNNGITWVR	0	0	
ASGYTYTDYYMHWVR	0	0	
ASHQWMNTQGGHLALGVYQHVTGEMMGGHAIR	0	0	
ASLEAAIADAEQHGELAIK	0	0	
ASLEAAIADAEQHGELAIKDANAK	0	0	
ASLIEEDEPAEK	1606	0	PE=2
ASLIEEDEPAEKENSSK	38	0	
ASLIEEDEPAEKENSSKK	6	2	
ASLQASTTAPEAR	65	0	PE=2
ASPLLAIGQTLAR	1	0	
ASQALQSEVDTDLHTL	31	0	PE=2
ASQDAVTTSQSQYSSFR	0	0	
ASQGISNFLAWYQQKPGK	270	0	PE=2
ASQGVSSYLAWYQQKPGQAPR	22	265	PE=2
ASQKDFENSINQVK	215	0	PE=2
ASQNIGSSLHWYQQKPDQSPK	22	0	PE=2
ASQSISGYLNWYQQRPGK	0	0	
ASQSISGYLNWYQQRPGKAPK	0	0	
ASQSISTWLAWYQQKPGK	864	0	PE=2
ASQSLDGTYQGGGVCIDCQHHTAGVNCER	9	0	
ASQSVSGYLAWYQQRPGQAPR	0	0	
ASSAAAPHTVSYPDNLNYR	0	0	
ASSEGTIPQAQR	0	0	
ASSESQGLGAGAR	0	0	
ASSESQIFELNKR	1	0	
ASSGDIGSLDYQEFVVDIESR	345	1090	
ASSSILINESEPTTNIQIR	6144	29	PE=2
ASYAQQPTESR	0	1	
ASYFICHDQDTIK	319	5	PE=2
ASYFICHDQDTIKK	289	9	PE=2
ATDETDRDIIREPLTELR	0	0	
ATDKDITDTLSNPEVFNYGVETHEAYK	0	0	
ATLELTHNWGTEDDATQSYHNGNSDPR	4442	0	PE=2
ATLVCLVSDFYPGAVTVAWK	156	4273	
ATPENYVHQLR	197	0	PE=4,PE=2,PE=1
ATQAALSLLEALDTILPPTRPTDKPLR	0	0	
ATSQGGDLMSDLFNK	2024	4177	PE=2,PE=3
ATSYAELCNEYR	104	3	PE=2
ATVEQEMELR	0	0	
AVATSPSLEAPAALHVFPEVTLGSSLEEAPSPVR	12	0	
AVDGFTFTEGDKSPDGR	406	0	PE=2
AVDSKYTAIPIVGQVFQSQCK	0	0	
AVDVLSELSFAPMTPDHFPSLFCK	0	0	
AVDVVLDCFLVK	800	0	PE=1
AVEEELDTEDRPAWNSK	2	0	
AVENINSTLGPALLQK	5501	38	PE=2
AVENINSTLGPALLQKK	65	2	PE=2
AVEVATVVIQPTVLR	2371	22	PE=2
AVFPPEPGAGKPGGAAAEGAGPGAAR	0	0	
AVGEPMRPLAEECCQLGLGLCDQVDDADLRR	355	0	PE=2
AVHEEVRPVDFK	1	1	
AVHEEVRPVDFKQR	0	0	
AVHNEGMQVLSLTESPYSDGEDHSIQQVSESWLEER	141	0	PE=2
AVKQFEESQGR	26	241	PE=2
AVLMGGSALSPATVISHER	0	0	
AVLTINEKGTEAAGAMFLEAIPMSIPPEVK	0	0	
AVMDAAVFLAK	0	1	
AVMNGLAPGSNGQDKDMDPTK	759	3	PE=2
AVPPNNSNAAEDDLPTVELQGLVPR	3068	0	PE=2
AVPVWDVLVSGYVSGAAR	0	0	
AVQCQHLEAPNEGTMDCVHPLTAFAYGSSCK	253	0	PE=2
AVSMLEADHMPPSR	8	0	
AVTASNDEDLLIAGEFR	0	0	
AVTELGRPDAEYWNSQKDILEDER	0	0	PE=2,PE=4
AVTELGRPDEEYWNSQKDFLEDR	93	0	PE=2,PE=4
AVTPQGRPVAEYWNSQK	225	0	PE=1,PE=2,PE=4
AVVAEKPSNQLQK	154	1	PE=2
AWLSSQAAELER	2543	0	PE=2
AWMETEDTLGR	928	3	PE=2
AYPSQKPLAAWTQDLAMR	0	0	
AYQYHSYNGWNR	518	632	PE=2
AYSPELIVHPVLDSPNAVHEVEEWLPR	0	0	
CAGEIAMQADNHK	0	0	
CASIPDIMQQLQFIGVK	0	0	
CDAEAPEDQCTVTR	0	0	
CDCTPCGTEACDPR	0	0	
CDEPLNILVR	56	3	
CDPSTPVPASSAALNR	0	0	
CECQSGYEFADDR	0	0	
CESQSTLDPGADEAR	0	0	
CGCYVEDTHYPPGASVPTEEICK	0	0	
CGKTLTSGGHAEHEGKPYCNHPCYVAMFGPK	0	0	
CGPGLRPCAPLEDECEAPPVCR	0	0	
CGPISDTLLYQQCLLNATTSVQALKPGASWDLKGPR	2	0	PE=2
CGTDWEEYIK	213	0	PE=2
CHLGPGEQAGPGLHR	0	0	
CHLGPGHQAGPGLHRPPSPR	0	0	
CICNQLSLTTK	0	20	
CIYNQEESVR	662	42	PE=2,PE=1,PE=4
CIYNQEESVRFDSDVGEYR	273	4	PE=2,PE=1,PE=4
CKYVSLIYTNYEAGK	20	0	PE=2
CKYVSLIYTNYEAGKDDYVK	268	107	PE=2
CKYVSLIYTNYEVGKDDYVK	0	3	
CLAENAGDVAFVKDVTVLQNTDGNNNDAWAK	137	0	PE=2
CLAENAGDVAFVKDVTVLQNTDGNNNDAWAKDLK	55	0	PE=2
CLAVYQAGAR	162	0	
CLFDSLQPER	34	1134	PE=2
CLIAEVWCPEADLQDLHR	0	0	
CLKNEYIENR	0	0	
CLSLQAEHAGVR	0	0	
CLSLQAQITALTK	0	0	
CMANKVMEDPGQGSSMAR	0	0	
CPAAPPPPAGGAANNHGAGSGAGGR	0	13	
CPDNTLGVDCIER	81	4536	
CPDYTCPITFSSPADITILLDGSASVGSHNFDTTKHFAK	10	0	PE=2
CPDYTCPITFSSPADITILLDGSASVGSHNFDTTKHFAKR	10	0	PE=2
CPEALFQPCFLGMESCGIHDTTFNSIMK	0	0	
CPEALFQPCFLGMESCGIQETTFNSIMK	0	0	
CPEDVELCHR	0	0	
CPETLFQPCFLGMESCGIHETTFNSIMK	0	0	
CPGKPAQASPSSSSSSSAPELLGGPSVFLFPPKPK	0	0	
CPGSLPEGQNNPQVCPYNLYAEQLSGSSFTCPR	0	0	
CPKALFQPCFLGMESCGIHETTFNSIMK	0	0	
CPQALFQPCFLGMESCGIHETTFNSIMK	0	0	
CPSPPMTNLISVGGQHQGVFGLPR	8	0	
CPTPCQLQAEQAFLR	324	0	PE=2
CPTSITQESSFGSPTGNQLSSDIDEYKK	42	0	PE=2
CQAGFMSSR	1	0	
CQCPSPGLHLAPDGR	4	0	
CQPGFHSLTEAGCRPCSCDPSGSIDECNVETGR	10	0	
CQPSGHWEEPR	0	4439	
CRPQEDTGWVLFPVNK	42	1	
CSATGSPVPTIHWSK	0	0	
CSGLLQVIFSPLEEEVK	1190	2	PE=2
CSGLLQVIFSPLEEEVKAGIYSKPGGYR	19	0	PE=2
CSQHVCLVRPELIEQVNK	0	0	
CSQQPSISDIKEK	0	0	
CTAQWHNYQK	0	0	
CTLDPDTSDQTDNLTEQAVEFCQR	65	0	PE=2
CTLHLGIEPLDSVR	0	0	
CTSCKKSCCSCCPVDCAK	0	0	
CVDGHCVCNPGFTGEDCGSR	1	0	
CVDGHCVCNPGFTGEDCGSRR	0	0	
CVDGQCICHEGFTGLDCGQHSCPSDCNNLGQCISGR	4	0	
CVEPLGMENGNIANSQIAASSVR	1475	69	PE=2
CVLLSNLSSTSHIPEVDPGSAELQK	19	0	
CVVALAIDPNILSLSGK	0	0	
DAAPQTFSVLIGNR	21	9	PE=2
DAASGAEAPMQPGFPENLSK	175	0	PE=2
DAATAAAAAAAAAATAK	0	0	
DAAVGTLVQMR	66	0	PE=2
DAEEWFHAK	7041	350	PE=2,PE=1
DAGFHSEIFK	0	0	
DAGFHSEIFKR	0	0	
DALPELLGLEAGIR	0	0	
DASTLQSQKAEGTGNAK	0	0	
DAVASAWLTVLGLPDPPEDAEVVAR	0	0	
DAVCSGVTGAMNLAR	0	0	
DAYDNVTLDVELAHR	1	0	
DCGEAAAQWITSFLK	30	12	
DCNDTLEEDNTNLETPTK	32	0	
DCNDTLEEDNTNLETPTKR	5	0	
DCQVIPLPPGLPLTHAQDLTPATSPAGPR	15	0	
DCSNRGLCVDGQCVCEDGFTGPDCAELSCPNDCHGR	2	0	PE=2
DDANNDPQWCEEQLIAAK	0	0	
DDAQSVETVGKPK	1	0	
DDCNRLQEQFDEQSKENENIGDQLR	0	0	
DDDGTLHAACQVQPSATLDAAQPR	45	0	
DDMLCAGNSQR	0	0	
DDPSTPCVSCPCPLSVPSNNFAEGCVLR	0	0	
DDVSSFVDPALALQDAQNLYAAGEK	0	0	
DDVVPWHTSMQVADR	1	0	
DDYPFCMDCYNHLYANK	0	0	
DEAASTSSTYNFTYYDR	9	0	PE=2
DEAEFTCR	0	0	
DEGEGAAGAGDHQDPSLGAGEAASK	1071	20	PE=2
DEIQIYQSK	123	1	PE=2
DELEEGAPSEAMLR	19	0	PE=2
DEPLHALYDNVEK	3207	35	PE=2
DERFEQSANNFYQQQAEGHK	0	0	
DESMTAGTSNEEECWNGHSK	0	0	
DFAHMLLLK	0	0	
DFELTEEQYVK	14	18	PE=1
DFENSINQVK	676	0	PE=2
DFKDGTFDPDNLEEYGFEPTQEGK	0	0	
DFYVVEPLAFEGTPEQK	5744	371	PE=2
DGDEVCESNVSNSITSGEK	117	0	PE=2
DGDIHQGFQSLLSEVNR	643	2	PE=2
DGFVQDEGPMFPVGK	128	0	
DGIAVDHVVGLNAEK	2	0	
DGLEFMQHSETLWK	1974	0	PE=2
DGPHGSVLEEGLDDYLTHLIEER	0	0	
DGPVPPASR	7	0	
DGQYFEPVVPLPDLVEVSSGQENEQVVFSHR	0	0	
DGSTAIHFEHSWGDGVAVLR	2531	4	PE=2
DGVIGLNPLPDVQVNDLR	0	0	
DGVIGLNPLPDVQVNDLRGALDAQLR	0	0	
DGVIGLNPLPDVQVNDLRGALDAQLRQAAGGALQVVHSR	0	0	
DGVLQQPMR	3	0	
DHHSTHYRASEEEPEYGEEIKGYPGVQGPEDLEWER	8	0	PE=2
DHIVLTVLPDQDQSDETQEK	568	0	PE=2
DHRPQMVWDSQVSEHFFEYK	0	0	
DHRPQMVWDSQVSEHFFEYKK	0	0	
DHVGVEILTPLFGTLHPSFYGSSR	45	0	PE=2,PE=3,PE=1
DIASTPHELYRNDYATMLPDSTEINQDTINR	0	0	
DIASTPHELYRNDYATMLPDSTEINQDTINRIIK	0	0	
DIDLSCGSGSSK	2	0	
DILLQQQQQQLGHGGPEAAPR	0	0	
DILTIDISR	35	0	
DIQQTEQTIEQR	1	0	
DIRGETLNHHVK	74	0	PE=2
DISNDAFTALDPLGDK	0	0	
DISNDAFTALDPLGDKEIK	0	0	
DITTGYDSSQPNK	3	2707	
DITTGYDSSQPNKK	31	7631	
DITYQYKYPEGSSEER	0	0	
DIVDSFIRGSVLEAR	0	0	
DKALEQKNTALEQK	0	0	
DKDVEDEQEHYISDDLDIETK	0	0	
DKEFHSNQELER	0	0	
DKLDHCLQEASPCYK	0	0	
DKLGLQILPVDGNPHK	0	0	
DKLGPELPLAMDR	0	0	
DKLGPELPLAMDRFPYVALSK	0	0	
DKNFNLPQLCIWK	0	0	
DKPELEVVLTEDALKSLENQTYFR	2	0	PE=2
DKPLWPVILSPTMEEGHGLDLTYITER	0	0	
DKQLQIFDPR	15	0	PE=2
DKQSGICMDSGGFR	0	0	
DKQVNSQLYSK	0	0	
DKTPAPLQHLNTLLDGTYK	0	0	
DKTVVLGDLLIDNKDTVR	0	0	
DKVPSLTTYEGGDLNNTLEDLR	8	0	
DKYILQGVTSWGLGCACPNKPGVYAR	0	0	
DLAGYLQELDKDHAR	0	0	
DLCGCYSVSSVLPGCAQSWNHGETFTCTAAHPELK	1547	0	PE=2
DLCPLLSEHGLQCSLEPHLNSNLCVYCCK	0	0	
DLEAEHVEVEDTTLSR	0	0	
DLEAHVDSANK	198	0	
DLEAHVDSANKNR	0	0	
DLEAHVDSANKNRDEAIK	17	0	
DLGDLIEATGFDR	18	1	
DLGEGEEGELAPPEDLLGHPQALSR	323	0	PE=2
DLGSEADFADDENSTAGESESHR	0	0	
DLGSMSHLTGYETER	0	16	
DLHDQFQHQLR	432	711	PE=1
DLHQEAETYR	0	0	
DLIATLAK	88	0	PE=2
DLLANCAIQDDLESR	0	0	
DLLLSEIPSSTASLCSR	12	1	PE=2
DLLNTNDYEEYK	0	0	
DLLTLRNFTGEEIK	0	0	
DLMTDPSWPQK	0	0	
DLQAALTPGALTAAAAGTGTPGPR	0	0	
DLQQSIAREPSAPSIPTPAYQSLPAGGHAPTPPTPAPR	143	0	PE=2
DLSAKQLQEMLGLSKVPVTQATR	1	4	PE=2
DLSMIVLLPNEINGLQK	0	4	
DLSMIVLLPNEINGLQKLEEK	0	0	
DLSMIVLLPNEINGLQKLEEKLTAEK	0	0	
DLSVKYPEDLPITLPNLLR	26	1	PE=2
DLTAEGIQWPR	110	0	PE=2
DLTGFPGPLNDQDDEDCINR	3605	653	
DLYHYVTSYVVDGQIIK	0	0	
DMAGAQAAAVALNEEFLK	16	0	
DMAYVFSGAYVPLSCR	471	1619	PE=2
DMVTQASLYLFEATGK	180	36	
DMVTQASLYLFEATGKR	1	0	
DMYATHLASGMLGVR	320	2	PE=2
DNAKNSLYLQINSLR	6	0	PE=2
DNAKNTVYLQMNSLR	2	0	PE=2
DNAQNSLYLQMNSLR	668	1182	PE=2
DNDVLLHWAPVEEAGDSTQIIFSK	0	0	
DNGQAPFTITPVFSDFPVR	653	0	PE=2,PE=3
DNLLETIPNHQPGKPLLGMK	0	0	
DNSKNTLYLQINSLR	0	0	PE=2
DNSKNTLYLQMK	5	0	PE=2,PE=4
DNSQNTVFLQMNSLR	0	0	
DNSSFDKDDNQVR	0	0	
DNTELPYHGK	3	0	
DNWNRPICSAPGPLFDVMER	36	0	PE=2
DPADATEAHESSSR	26	0	
DPADATEAHESSSRGEAGAPGEEDIQGPTK	10	0	
DPADATEAHESSSRGEAGAPGEEDIQGPTKADTEK	15	0	
DPAEPMSPGEATQSGARPADR	47	0	
DPAGMPHPQTGK	0	0	
DPGLEPGPDSPGGSSPLR	45	0	PE=2
DPLSAVNAGNRLVRSHTSMYIEK	0	0	
DPQVGHPAAQMEPEPAEPLAAAVEAANGAEQTR	0	0	
DPSFFSNPQDFNPQHFLDEK	0	0	
DPSLPVASSSSSSSK	166	3	PE=3
DQAANLMANHGDHCR	0	0	
DQAANLMANHGDHCRK	0	0	
DQALAEHCLAALTECAASGDGNILALAVDASR	14	0	
DQNQQCSYIPGSLDNYQTAR	0	0	
DQQKQQMFENKLIK	0	0	
DRAEAYLIEQMYDEAIQDYETAQEHNENDQQIR	0	0	
DRDGGMHSDPVSLNVLYGPDLPSIYPSFTYYR	0	0	
DRDGGMHSDPVTLNVLYGPDLPSIYPSFTYYR	19	0	PE=4
DREAAEGLGSHER	5943	10431	PE=2
DRLPFEEKLEVENVMK	0	0	
DRLVAGEDDLEQATEALDSISLAGK	0	0	
DRTQIAICPNNHEVHIYENSGAK	7	0	
DRYWMHFCGGSLIHPQWVLTAAHCLGPDVK	437	0	PE=2
DSAAAVVVYDITDVNSFQQTTK	9	0	
DSAASHQTEPEAYER	2	0	
DSCKGDSGGPLVCK	0	0	
DSGRGDSVSNSGSDALR	0	0	
DSGRGDSVSNSGSDALRSGLTVPTSPK	0	0	
DSGTCHSCPPNTILK	322	0	PE=2
DSILLLEDVTWK	0	0	
DSKEPFSSVEIQAALSK	14	0	
DSKPNVVSNNVFHIQWSLISFK	0	0	
DSLFVLHELGEQLK	1079	20	PE=2
DSLGQTVDLGLTGNHGVVHPSLADSANKFEENTYCFGR	0	0	
DSLPIPVR	0	3	
DSMFGITVK	0	0	
DSMFQNLLIVK	0	0	
DSMPDESSQTSLQK	277	0	PE=2
DSPVLHICESK	0	0	
DSQIYAVDYETLTR	525	0	
DSQIYAVDYETLTRPFSGR	0	0	
DSQMQNPYSSHSSMPRPDY	0	0	
DSRPSQAAGDNQGDEVK	3885	2	PE=2
DSRPSQAAGDNQGDEVKEQTFSGGTSQDTK	1908	26	PE=2
DSSAMAVDAICTHRPDPEDLGLDR	0	0	
DSSVFILGNTDRPDASAVYLR	2	0	
DSTTVHEPISKPFMLPSLADVSK	6	0	PE=2
DSVEGDALVNGAR	3	0	
DSVGVSGNLSLPTTEEFEDDAIR	0	0	
DSVTGKESQGERPHLSLLIPR	0	0	
DTALEQKDKTLEPK	0	0	
DTEGGPKEEESPV	1550	199	PE=2
DTLMISRTPEVTCVVVDVSHEDPEVQFNWYVDGMEVHNAK	692	0	PE=2
DTLMISRTPEVTCVVVDVSHQDPEVQFK	0	0	
DTSISTAYMDLSR	83	0	PE=2
DTVCSGVTGAAK	0	0	
DTVCSGVTSAMNVAK	0	0	
DTVNPLYDETLR	547	3	PE=2
DTVNPLYDETLRYEIPESLLAQR	154	0	PE=2
DVASLSSQIQDTQELLQEETR	0	0	
DVASLSSQIQDTQELLQEETRQKLNVSTK	0	0	
DVCQAIDHGCEHICVNSDNSYTCECLEGFR	0	0	
DVDGLTSINAGR	1256	225	
DVEQLEQLIESHDVAFLLMDTR	5	0	PE=2
DVFGQEPHPVEDDLYKEPTR	0	0	
DVGEWQHEEFYR	3940	7	PE=2
DVIPMDALGPDGYSTVDQR	129	0	PE=2
DVISNTSDVIGTYEAADVAQK	0	0	
DVLQAAAAEHQDQGQEVSGEVR	0	0	
DVNERPPQPQASVPLQLTR	0	0	
DVNVENVNQHR	0	0	
DVNVENVNQHRGEK	0	0	
DVPGFLQQSQSSGPGQPAVWHR	5431	42	PE=2
DVQEFINNPK	0	0	
DVQEFINNPKWYTDR	0	0	
DVQEQIAVLMQSR	0	0	
DVSQSSLDGASNNPHGLQEAQSTSTSATAASHTR	0	0	
DVTGSPRPGGDGEGDPNHIER	460	0	PE=2
DVTVLQNTDGNNNDAWAK	4897	75	PE=2
DVWGLEGCYPK	0	0	
DYALHAGDGSSDPEVLLNIENQR	7	0	
DYDSLAQPGFFDRFLR	0	0	
DYDSLVQPGFFDR	0	230	
DYLASHPFDTGMTLGQGMSR	21	0	
DYLATYYSFNGSPSPEAEMLK	0	0	
DYLMSTHFWGPVANWGIPIAAINDMK	0	0	
DYLMSTHFWGPVANWGIPIAAINDMKK	0	0	
DYPDFNPSVDAEAIQK	0	0	
EAAAAAAATHQQALR	0	0	
EAAEDCEVLGQR	0	0	
EAAEGLGSHER	2752	2657	PE=2
EAAGEGPALYEDPPDHK	23	0	
EAAGTEWDPGASPR	571	4	
EAALPPVSPPK	0	11	
EAASSPQVVLGPSR	0	0	
EAATLEVERPLPMEVEKNSTLSEPGSGR	790	0	PE=2
EAAVEQGERALER	0	0	PE=2
EACDVGPCTTAWFHSDWSSK	0	0	
EADECIVSEDK	266	0	PE=2
EADECIVSEDKTLAEMLLQEAEEEK	15	0	PE=2
EADECIVSEDKTLAEMLLQEAEEEKK	12	0	PE=2
EADLTEEIEENLR	35	0	
EAEGAPQMEAGK	0	0	
EAEGAPQMEAGKR	0	0	
EAFEEAGVLLLQPR	0	0	
EAFGTEDGLQR	0	0	
EAFLEQMMGLEGAVK	0	0	
EAGAQEPLVDGCSGGGR	0	0	
EAGFPPGVVNIITGYGPTAGAAIAQHMDVDK	74	6412	
EAGKFSAVSEGQGDPPGGPAPTVLAPMPLAEVELK	10	0	PE=2
EAGPGPGPLNVGLHLNPLESIQLELDSVNAEADR	0	0	
EALELDSIR	105	67	
EALLQALGEPGPYLLAGEGPLDKGESCGGGR	0	0	PE=2,PE=4
EAMKDAVLKVVEEER	0	0	
EANALAAGHPAQAAAINAR	16	7	
EANHSEGQEGSEETDMR	0	0	
EAPETDTSPSLWNVEFAK	6	0	
EAPILKEFKEEGEEMPR	63	0	PE=2
EAPPAKVPEVQKR	0	0	
EAPQGELVPEAR	129	0	PE=2
EASGGDQREGTREHLQER	0	0	
EASQGSSASSAPQSVKR	63	6	PE=2
EATSDPSWTPEEEPLNLEGLVAHR	0	0	
EATSVPHIYAIGDVVEGRPELTPTAIMAGR	3610	0	PE=2
EAVSSGVTGAMDMAK	1	0	
EAVSSSQGPSDPTDR	18	2	PE=2
EAYFEKQQQKQQQQQQQQQQQQQQQQQQQQQQQR	2	0	PE=2
EAYFSVGLQGIVEK	668	2	PE=2
EAYFSVGLQGIVEKDIETVR	211	4	PE=2
EAYVSCQNQGADLLSINSAAELTYLKDKEGIAK	0	0	
ECDNPAPQNGGASCLGR	51	0	
ECEPPSAGAAVSAR	15	0	PE=2
ECINHGDLNNHNILIESSK	0	0	
ECMPEFFLHDDMCHQSCPR	0	0	
ECTSLCCEALTCK	112	0	PE=2
ECVLHDDLLEAR	476	0	
EDAGVVCSEHQSWR	118	272	PE=2
EDEEEEEGENYQKGEQGEDSSEEK	9	0	PE=2
EDEGLYTVR	0	7	
EDELTFTK	266	271	PE=2
EDHDEALKNTWDLHPTSSK	4	0	PE=2
EDIPVDYMK	0	0	
EDLELIMTEMEIPR	0	0	
EDLGHLCVWSDGCR	0	0	
EDLRPSAPQQEGVASK	11	0	
EDSDPTPVNPCYDGSHMCDTTAR	1521	0	PE=2,PE=1
EDSQTAGANCGTLGK	0	0	
EDTGLLTTTHGPEEAPR	575	0	PE=2
EDTVEVLAIDNTSVR	198	0	PE=2
EDYDGLKEEFR	1	0	
EDYDGLKEEFRK	0	0	
EEAAGPALALSLIEHYEPSETAK	278	0	PE=2,PE=4
EEEEDDDDDDDDVSTEYGHQAHR	0	0	
EEENFTCR	0	0	
EEERAPESSANQTVNK	0	0	
EEEVPAGEAAASQPQAPTSVPGAR	37	18	
EEFCGLLSSPTRPLSSCHK	0	0	
EEGEAPSPAPASEGR	0	0	
EEGLVCQNQDQQGPFK	116	0	PE=4
EEGWLAEHMLVLGITNPEGEK	0	0	
EEGWLAEHMLVLGITNPEGEKK	0	0	
EELGHLQNDLTSLENDK	5	100	
EELGHLQNDLTSLENDKMR	0	0	
EELLAEFGSGTLDLPVLTR	0	0	
EELLAESGSGTLDLPALTR	0	0	
EENSGLLQELEELRKQAEK	4	0	PE=2
EEPVSSGPEEAAGK	562	12	
EEQEVAMLGAPHNPAPPTSTVIHIR	1879	43	PE=2,PE=1
EESFGPVMIVSR	0	0	
EESLPEISLLELLQNR	0	0	
EESYDFFK	0	0	
EEVDEDRDVDESSPR	0	0	
EEVEELFQR	0	0	
EEVKEPPGTNIVILEYAHR	1	0	
EEVPALHPASHDIGK	0	0	
EEYARFDSDVGEFR	1	0	PE=2,PE=1,PE=4
EEYVQEDAGILFVGSTNR	0	0	
EEYVRFDSDVGVYR	4	0	PE=4,PE=2,PE=1
EFCTMVSTTELQK	1	184	
EFENLYIENIELR	0	0	
EFENLYIENIELRR	0	0	
EFGLSVFLVAILKGVQCEVQLEESGGGLVQPGGSLR	0	0	
EFKEEGEEMPR	1026	35	PE=2
EFVSFSDKPVDQIVVEEK	929	0	PE=2
EFYVYFLKDEDYLKDTVENLETQSK	0	0	
EGAIISGDSPVATNKLDQEVQEETQGR	1	0	
EGATLVCGGNQVPRPGFFFEPTVFTGVEDHMFIAK	213	0	PE=2
EGEDPQASAQDETPITSAK	76	0	
EGEDPQASAQDETPITSAKEESESTAVGQAHSDISK	0	0	
EGETQHVVEIEVIFDGVR	0	0	
EGFSGQIQFTAPLSDKVELGVIGNSVHMEGLPGSSTSIR	0	0	
EGGANGITATNTVSGLMGLK	0	0	
EGHNYENNHNFHMNTPK	9	0	PE=2
EGHPTSLSCECR	0	0	
EGLEAAQLK	745	0	PE=2
EGLPWPEQQR	0	0	
EGQGEGETQEAAAAAAAAAR	0	0	
EGQGEGETQEAAAAAAAAR	3728	708	
EGQGEGETQEAAAAAAAR	0	0	
EGQGEGETQEAAAAAAR	0	0	
EGQGEGETQEAAAATR	0	0	
EGQGEGETQEATAAAR	0	0	
EGQIQGAVHTQCI	0	0	
EGQNVNMENLYTALQSIDR	0	0	
EGQNVNMENLYTALQSIDRGEIVNMLEGSGR	0	0	
EGQSNEKNDFTK	0	0	
EGSEDAGNLPEAQEK	5	0	
EGSVGSTSDYVSQSYSYSSILNK	43	21	
EGTPGSPSETPGPR	0	0	
EGVTIFTLGIEGTSDTQLEK	0	0	
EGVYELAVFQMKPGGPGLWGDAFER	0	0	
EGWECVFCGDECTGLLLSDLAR	0	0	
EHDVQNTFEEMEK	10	5	
EHDVQNTFEEMEKHLGR	0	0	
EHGQCADVDECALAEK	402	0	PE=2
EHLPDEFIKDEQNK	17	0	
EHLPDEFIKDEQNKGLIDEITK	0	0	
EHLVQAMPENLQEAR	47	0	
EHLVQKLQAEANDLQIR	0	0	
EHSSLAFSK	1	0	
EHTLHLEAELEK	4398	0	PE=2
EHTLHLEAELEKHMAAASAECQNYAK	51	0	PE=2
EIAAVISPELER	0	0	
EIEVLERGDSAPAAAK	105	0	PE=2
EIFSACAQSVHEYLR	0	0	
EIGHKNPSAMAVESFTATAPFVQIGR	0	215	
EIGHNNPSAMAVESFTATAPFVQIGR	2215	8	PE=2
EIHATAYYK	0	0	
EILSVDCSTNHPSQAK	100	0	
EIMQNGPVQAIMQVHEDFFHYK	129	0	PE=2
EIPELEEEK	127	0	PE=2
EIPELEEEKTIPTKEPEQIK	4	0	PE=2
EIPENSAVDQEA	3	0	PE=2
EIPLTPVDQAAFLSEVLQR	0	0	
EIQEAIAVASASTMH	0	3	
EIQSQPGNALYFK	0	0	
EITPPFKPAVAQPDDTFYFDTEFTSR	4	0	
EIYLEVIHNIPDFELLSANTLEDR	659	0	
EKDPEMFCDPFTSATTTTNK	293	0	PE=2
EKFWLAANSWGK	0	0	
EKIESLTEVHR	0	0	
EKLHSLTQAK	191	5	PE=2
EKLHSLTQAKEESEK	54	0	PE=2
EKQATSDVQESTQESATVEK	0	0	
EKQQHMVQGESETADVSPNNMQV	0	0	
EKSNDILEEGEK	0	0	
EKSNDILEEGEKNLGNIK	0	0	
EKSSQESGEEAGSQENHPQESK	168	0	PE=2
EKSSQESGEEAGSQENHPQESKGQPR	198	0	PE=2
EKWLLDGISSGKQQEEMK	0	0	
EKYLTWASQQEPSQGTTTYAVTSILR	79	0	PE=2
ELAEEFGVTEYPR	0	0	
ELAGGNFTSPDASASSCGK	0	0	
ELALGQNR	1	0	
ELDAEGLEAVR	0	0	
ELDVDSIIAEIK	0	0	
ELEAIFGRPVVDR	0	0	
ELEIGQNCLELELGQSR	0	0	
ELEIMQILTR	9	0	
ELELLHASLEHQR	0	0	
ELEREESGAAESPALVTPESEK	0	0	
ELESCKPGLLGGSLVLLR	0	0	
ELETPLAVPGLR	0	0	
ELEVCEQANK	87	0	PE=2
ELGIEESIPETAADK	0	0	
ELGLVPLTDDTSHARPPGPGR	0	0	
ELHMEDSDKPLLSSLFNAAGVLVEAR	213	0	PE=2
ELIHISDWLPTLMK	0	0	
ELKEAPQGAHFLAR	0	0	PE=2
ELKEQLQQK	0	52	
ELKNGNLEVGVHIADVSHFIRPGNALDQESAR	0	0	
ELLGISDECR	33	0	PE=2
ELLLDGDYLQR	0	0	
ELLTDHRVPSLLLEAMK	0	0	
ELLVPQHTVQLVGGLFPLSSPSDTK	2	0	
ELLVPQHTVQLVGGLSPLSSPSDTK	1888	0	PE=2
ELLVSALQELQSSTSNSPSNK	0	0	
ELNESLQVAERLTR	0	0	
ELPELEATAQLLPLEGPK	0	0	
ELPELEATAQLLPLEGPKEEK	0	0	
ELPSEQQEQWEAFVAGPLAETNKK	0	0	
ELQTCLQALELGAAEK	0	0	
ELQTCLQALELGAAEKEEDYHTALR	1	1	
ELSLGIFGPMPNLR	4	16	
ELTAIVQNQQSLIHSQR	0	0	
ELTDKEAER	0	0	PE=2
ELTFGSSVEVQGQLIK	228	0	PE=2
ELTVCSSSEEQK	0	0	
ELTVSNNDINEAGVHVLCQGLK	0	0	
ELVDDSINNVR	395	1079	
ELVDDSINNVRK	5	50	
ELYIPLGESEVAGGASHSSGQR	2	0	
ELYPGNYKPNITHYFLR	48	8	PE=2
EMHAFQCSR	529	0	PE=2
EMLNSVMQELENYSEGGPLYK	0	0	
EMVDYVANYMEGIEGR	1341	92	PE=2
ENAEQGEVDVESHR	54	0	
ENAEQGEVNMESHR	0	0	
ENEQGEVDVESHR	0	0	
ENEQGEVNMESHR	0	0	
ENEWNLFSR	1	0	
ENGQLAGSLGPCIR	0	0	
ENHLSQFLEGEILSASK	18	0	
ENIDTSHSDVVFAGDGIEGSPAK	2	0	PE=3
ENINVEEMFNCITELVLR	0	3	
ENITSDSLLTTSMASESTVK	137	12	PE=2
ENLEALQRPTLLHLTHGK	0	0	
ENLQLETR	0	0	
ENNPIQGPDGK	120	0	PE=2
ENPAEPGAVTGSATVTAFWR	0	0	
ENPDSFLNHVLALTAQSPNIEHLNEVSLK	0	0	
ENQEAEKLEDDIR	62	0	PE=2
ENSALFCYLLVNK	0	2	
ENSHFFVATFAR	13	0	
ENTDLAGELR	8	0	
ENTIYINEVLCMQMR	0	0	
ENVAFEQEKEGQSNEK	0	0	
ENVAFEQEKEGQSNEKNDFTK	0	0	
ENYLTVGLTVGQVRPLVPLQPVTQNR	0	0	
EPAIHSEGQWVTLPAPLDTINIHLR	12	0	
EPAPADGAALEHSEEDGSIYEMADDPDVWVR	309	0	PE=2,PE=4
EPGDQGPAHPPGADMSR	1	0	
EPGYTPPGAGNQNPPGMHPVTGPK	4	0	
EPQVYTLPPSPEEMTK	0	0	
EPQVYTLTPSREEMTK	0	0	
EPSAPSIPTPAYQSLPAGGHAPTPPTPAPR	2433	0	PE=2
EPSDTSAAFESTAK	129	0	
EPSGGGSTALLNK	0	0	
EPTTHAEAQGNEGDGEEGLQR	0	0	
EPVELGQPNTLICHIDR	1546	0	PE=4,PE=2,PE=3,PE=1
EPWVEQEGPEYWDR	416	8	PE=2,PE=3,PE=4
EQALQEAMEQLEELELER	1606	0	PE=2
EQALQEAMEQLEELELERK	828	0	PE=2
EQDAEGQDYCTLTAFTLK	1	0	
EQELLSQELWQR	0	0	
EQFCDYMFQQAVK	1077	1455	PE=2
EQGLRDIASTPHELYRNDYATMLPDSTEINQDTINR	0	0	
EQGTATMEVQLSHADVEGSWTR	0	0	
EQLDMAGAQVR	0	20	
EQLGEFYEALNCLCIPR	0	0	
EQLQQEQALLEEIER	471	0	
EQLQQEQALLEEIERHGEKVEECQR	0	0	
EQLYTTASLK	6	0	
EQNQRPLHPVANPHAEISTK	0	0	
EQNYDLTQVSESMK	0	0	
EQPGSPEWIQLDK	3711	1	PE=4
EQQNDTSSELQNR	650	1	
EQSAAGPAAVPGGGSATAVRPPVPAVDFGNAQEAYR	0	0	
EQSFTSLEVR	367	296	PE=2
EQVPHCICANGR	0	0	
EQWNSLKQNADQQDTEAMPDYKK	18	0	PE=2
ERADEPQWSLYPSNSQVSEEVK	0	0	
ERADEPQWSLYPSNSQVSEEVKTR	0	0	
ERAELAATAVGSSTTSINVPAAASK	0	0	
ERDPVPKPSVLFLHPDLGVGGAER	0	0	
ERIQPEDMFVYDINEK	0	0	
ERQEDKDLEAAMLSK	0	0	
ESAARGPTIL	0	0	PE=2
ESALEPGPVPEAPAGGPVHAVTVVTLLEK	178	21	
ESAVFDAVMVCSGHHVYPNLPKK	2	0	PE=2
ESDQHVVPTAPDTEADNCIVHELTGQSSLLR	1	0	
ESDWLSQSMFTCR	30811	7716	PE=2
ESESVSKEEKEQNYDLTQVSESMK	0	0	
ESGIDPSQVGVHPSPGAR	93	0	PE=2
ESGMATAFIHALER	0	0	
ESGPALVKPTQTLTLTCTFSGFSLNTSAMR	0	0	
ESGPVLVKPTETLTLTCTISGFSLSNAR	38	0	PE=2
ESLLVSAWSEELISK	0	0	
ESPGALVETSAGEEAR	2	0	
ESQGERPHLSLLIPR	0	0	
ESQGSDGFEESGTLLK	0	0	
ESSWVTPESCFYK	57	0	
ESVHTQTPPEHPLGQR	165	0	PE=2
ETDAHLANPVLPNEVLQEAVPGSIR	492	0	PE=2
ETEFSSAGHSLQDK	0	0	
ETFGVNNTVYGIDAMNPSSR	5	16973	
ETLIATCHFDAVK	0	0	
ETLLNHFLYEVAR	0	0	
ETLQLIDSTTSYGLTGAVFSQDKDVVQEATK	0	0	
ETPGRPPDPTGAPLPGPTGDPVKPTSLETPSPPLLSR	133	0	PE=2
ETQDPTAQSLAASLSTGQLLR	1	0	
ETVIVEEQTEK	0	0	
ETVWHLEEFGR	1403	0	PE=4,PE=2,PE=3,PE=1
ETWLNENQR	284	2536	PE=4
EVAALTGGEFHFYNFGCKDPTPPEAVQNEDVTLLVK	1	0	PE=2
EVACLETLVR	0	0	
EVAQQAVDADVHAVGVSTLAAGHK	3073	10727	PE=2
EVAVGDSTGMALAR	0	1	
EVEDCVTNRPCR	1814	1	PE=2
EVFPMAALMPGAEK	0	0	
EVGAGGCCHALPATGILAFPK	10	0	
EVGKDDYVK	0	9	
EVGTSDKEILTSR	6	5	
EVISQLTQVHGTSSPYK	0	0	
EVLKESQLPTVMDFR	13	0	
EVLNGVQTELLTSPK	0	0	
EVMQGTDEHVVCK	0	0	
EVNTSGFAPARPPPQPGSTTFWAWSVLR	1631	116	PE=2,PE=1
EVPEAPPAACPEVSQAR	5	0	
EVPKCGFLPGNEK	20	9	PE=2
EVPVYTYSEPR	30	0	PE=2
EVQQGEEFERRIGQPTLLLYVDAGPQTMTQR	0	0	
EVSQPDWMPPPEVTLVLTK	3	0	
EVTFHCHEGYVLHGAPK	0	0	
EVTVNVLSPR	436	0	PE=2
EVVDGSPAAASTISEITAEVNNFR	0	0	
EWFWDLATATMK	0	0	
EWQELDDTEKVQR	0	0	
EWQLNQKR	0	0	
EYFGLQHDDNSVDSPR	0	0	
EYWQVCTMLK	1	72	
EYYAIGSLR	0	0	
FAAITLTQAGAYHCQAQAPGSATTSLAVPISLHVSYAPR	6	0	PE=2
FAENPKAGDEFVEK	537	68	PE=2
FAVTNQIGPVKEDSDPTLVNPCYDGSHMCDTTAR	0	0	
FAVTNQIGPVKEDSDPTPVNPCYDGSHMCDTTAR	1558	0	PE=2,PE=1
FCAMISGRPQPK	327	0	PE=3
FCGEHAGAMEEEDAR	96	0	PE=2
FCQLHSSGARPPAPAIPGLTR	3	0	
FDAIHEEFPR	4	0	
FDPQFALTNIAVTK	348	0	PE=2,PE=3,PE=4
FDSDAASPRTEPRAPWIEQEGPEYWDGETR	0	0	PE=4,PE=2,PE=3,PE=1
FEEGENSLLHLK	1648	0	PE=2
FEIGEGEKLDLPYGLER	0	0	
FELLSEPQFGDLTSVTLMK	0	0	
FELTMPCSSLEINIGPFL	579	0	PE=2
FENEEAQAVYWHSSAHIMGEAMER	0	10	
FEQSANNFYQQQAEGHK	13	0	
FFDMELENLER	0	0	
FFDNDLLVSTSR	0	0	
FFGSLPDSWAR	49	24	
FFQQRLDHFNFQR	0	0	
FFTGVMEPQLMQTSEMGILTSTALLHR	0	0	
FGAAVLGNHTTR	0	184	
FGEWSGGPGLSLCPPGGIQEVTINQNPLTPLK	0	0	
FGGGIGVPTKEER	0	0	
FGGGSDAGSKGPMVSAQESQAQAILQQAR	257	0	PE=2
FGHGQTPAAFLSALLPSQPPPAAVNALGLPK	0	0	
FGIQAQLVTTDFQK	160	122	
FGNANVVNVLSSHHLIVK	0	0	
FGQDIISPLLSVR	55	0	
FGSGAAGGSGSSNSSGDALVTR	0	0	
FHDLRPDEVANLFQTTQR	0	0	
FHFQGPCGTTLPEALACHGNETVS	0	0	
FHYLQVAFPGASDADLVPK	1097	5602	PE=2
FHYLTFVPSAEDVYDCR	2002	0	PE=4,PE=2,PE=3,PE=1
FIAPAASLGFR	1	0	
FIAVNGATAHPHYDPDGTAYNMGNSFGPYGFSYK	221	0	PE=2
FIEGGDGHLSEDEEIK	0	0	
FIQENVFVAANHNASPLSIK	778	0	PE=2
FIRQLIVPNEK	4	13	PE=2
FKFTVGDHSR	637	0	PE=2
FLDKDGLISK	0	0	
FLDKLPQQTADR	27	0	PE=2
FLDKLPQQTGDR	298	2	PE=2
FLDRYFYNQEEYVR	277	33	PE=2,PE=1,PE=4
FLEENADPSASEIR	237	1	PE=2
FLEENADPSASEIREELEQYTTEIVQNNLLGSQGAHVK	324	0	PE=2
FLEVQYLTGGLIEPDMPGR	0	12	
FLEVQYLTGGLIEPDMPGRVPLDEALQR	0	15	
FLGQILTAFPALR	518	0	PE=2,PE=4
FLIHEQQELWAQDLNK	0	0	
FLILPDAEAQLDR	615	21	
FLILPDAEAQLDREGDAGPETSTAVEK	461	1	
FLILPDAEAQLDREGDAGPETSTAVEKK	0	0	
FLMGTNSPDSRDGEGPVR	148	4	PE=2
FLNPNTLER	4	2	
FLPAEVADSGIYTCIVR	5	0	
FLRGHNQYAYDGKDYIALNEDLSSWTAADTAAQITQR	0	0	PE=3
FLSLESDR	224	89	PE=2
FLSTLTIDGITR	7	0	PE=2
FNELMVMFR	421	0	PE=2
FNKPFVFLMIDQNTK	20696	51	PE=2
FNKPFVFLMIDQNTKSPLFMGK	2466	0	PE=2
FNQENIKER	0	0	
FNSVTELCAEIPEQK	0	0	
FPPEEALYTLWQHNK	262	0	PE=2
FPQSVYQISVSEAAVPGEEVGR	3	0	
FPSLPILSPALMDVSYR	1	0	
FPTDTLQELLDVHAACER	197	0	PE=2
FPVIVGHEATGIVESIGEAVTTVKPGDK	0	0	
FQDVLPYDDAR	0	148	
FQEALQTIFNR	0	0	
FQFAFPSDKYEQDDLNLEGVGNNDLSHVAGK	2	0	PE=2
FQNDHLSVLK	17	0	PE=2
FQNEEEVFAWNNEVK	2131	4	PE=2
FQQLANISMSGNNLAEILPPALQDIKELQHNVQK	0	0	
FQVDLQNGSSVKPR	790	2	PE=2
FRCPEALFQPCFLGMESCGIHDTTFNSIMK	0	0	
FRCPEALFQPCFLGMESCGIQETTFNSIMK	0	0	
FRGQFVMEHHTLPDVK	0	0	
FRPTTAANGLEPLLTK	0	0	
FSASAVETRPSIWGECPPK	10	144	
FSDSGSGTDFTLK	122	20	
FSESTAMGASR	1731	5	PE=2
FSFAAPSSEDDVFIPTVR	21	0	
FSGSGSGTDFTLTISSLK	17	0	PE=2
FSGVPDRFSGSGATDFTLK	0	0	
FSKEEPVSSGPEEAAGK	334	30	
FSKEHEEMNAK	0	0	
FSLDALITNVLPFEK	25	4	
FSPTLELQGEFSPLQSSLPCDIHLVNLR	673	0	PE=2
FSQPELSEHPQK	0	0	
FSSACDMGGCTGALAR	687	0	PE=2
FSTVADTPELLR	122	42	PE=2
FTFAATRPSSVLVEQLAVCVSK	0	0	
FTPPQPAEPWNFVK	4	0	
FTVGDHSR	3253	2	PE=2
FTWALSKPGTAAELR	0	0	PE=2
FTYDQDSEPIQTFHFQAPTMATYQVVELR	318	0	PE=2
FVCAPPSRLTLVPVYTSPQLDMSCPLLQQNK	0	0	
FVDADFSDNVCSGNTSHSLNSPR	0	0	
FVEKPQVFVSNKINAGMYILSPAVLR	1	0	
FVFSLQTIPR	18	3	PE=2
FVVAHGEDMR	0	0	
FVVHGLTTGEQYLFR	0	0	
FWRPEEPIEVIRPDIAALVR	2227	24	PE=2
FYETKEESYSPPKDR	0	0	
FYIPHVPVSFGPGGQLVR	194	0	
FYLGGPTSVR	2502	8113	PE=2
FYNSEGYGFGLTLYPNSR	0	0	
FYPQSLQLTWLENGNVCQR	6	0	PE=2
GAALKVGQMLSIQDNSFISPQLQR	0	0	
GAHVVAGTAGYCFGNLHIPGYNLPWEDLSFQYPGNFAR	175	0	PE=2
GAIQFVTHYQQSSTQR	25	0	
GALINVPSPFLGLPR	398	0	PE=1
GAMQTGLNTTQNIATGTKDAVCSGVTGAMNLAR	0	0	
GANVIAGVWLEEVGQK	84	0	
GAPAGAGSGTQTGTGTGAR	261	6	PE=2,PE=1
GAPAQRPPSESPGAPPPGPADAGGAMAAK	998	81	PE=1
GAPMDPNESPAAPEAALPK	159	2	
GASAEELLAQCLSSSLR	0	0	
GASDRDAASGAEAPMQPGFPENLSK	88	0	PE=2
GASIPFQFRPENEEDILVVTTQEEVEEIEQHNK	0	0	
GATACDLVQR	0	0	
GATIGVLLDFNRK	0	0	
GATYNIIVEALK	13871	4209	PE=2
GATYNIIVEALKDQQR	10283	3942	PE=2
GATYSSEIPKEDSTTFAK	0	0	
GAVALSDVMIPESPEAYVK	0	0	
GAVALSGDHSALESQIR	60	0	PE=2
GAVALSGDHSALESQIRQLGK	1	0	PE=2
GAVNVVVAETDYQSFAVLYLER	44	0	
GAYHGCSPYTLGLTNVGIYK	206	6425	PE=2
GCATQPCHHGALCVPQGPDPNGFR	3	0	
GCELVDLADEVASVYESYQPR	2	0	
GCFQAEIVPVTTTVQDDK	0	0	
GCFQAEIVPVTTTVQDDKGTK	0	0	
GCFQAEIVPVTTTVQDDKGTKR	0	0	
GCIDMNECWASPGR	0	0	
GCPHVLGYEGPGDPASDEGDGLPGDRPR	162	0	PE=2
GCPVTSASVTAPSTPSGR	11	0	PE=4
GCQLTITFSVPNEDVFQELEKR	14	0	PE=2
GCVLDVCMGGGDHDILCK	93	73	
GDCGDTLAATQSLVMK	0	0	
GDCSVRDPEDTAMPGR	0	0	
GDEASEEWQNGSSPK	30	0	
GDEDLGDMGKDEEAQFR	0	0	
GDFAAAAANLQTCLAVLGR	0	0	
GDFPTDCVYVMPTVTMPPR	1	1	PE=2
GDGGITHSEEINGKDSSCHTSDSTEK	0	0	
GDLLSENPQQAASSLGPHR	0	0	
GDPGRPDPQAESPR	0	0	
GDSAPAAAKENAAAPSPVR	636	0	PE=2
GDSEPTPGCSGLGPDGVR	2	0	
GDTLMASTLGQHK	34	0	PE=2
GDVDVSLPKVEGDVK	0	1	
GEADDLKSEGSYFSLTSTEQSVK	0	0	
GEESYCICGSER	583	1	PE=2
GEEVEGAGWMPGREPTTHAEAQGNEGDGEEGLQR	0	0	
GEFNVGSTCHFSCNNGFK	313	0	PE=2
GELFWDDGETK	145	18	PE=3
GELFWDDGETKDTVANK	150	0	
GENQSPIELHTK	3470	12	PE=2
GEPLHIVNSSNVTDEPLLK	0	0	
GEQGEDSSEEKHLEEPGETQNAFLNER	205	0	PE=2
GEQGEDSSEEKHLEEPGETQNAFLNERK	10	0	PE=2
GESPVEPAEPCR	9	1	
GETGPAGPTGPVGPVGAR	1370	12160	
GETISGGNFHGEYPAK	6	4412	
GEVYSCGWGADGQTGLGHYDITSSPTK	0	0	
GFFDPNTHENLTYVQLLQR	0	3	
GFGHIWLDSVSCQGHEPAVWQCK	1585	2	
GFGSYHPSAYSPFHFQPSAASLTANLR	0	0	
GFGTDEQAIIDCLGSCSNK	5652	0	PE=2
GFHPDPEALKGFHPNPEALK	0	0	
GFNPVTVNSLGVLNGAQLFSLNKEELR	0	0	
GFPCSLEHAFSSSPDPVSYIPR	0	0	
GFPEISFQPSSAVVVTWESMAPYQGPSRDPDQK	0	0	
GFQMLADPGSFDSNAFTLLLR	5	21	
GFSQEELETCMINQAPGCPDYSILSFTGAFHGR	0	0	
GFSSGTVDALGVLTGAQLFSLQR	236	1	PE=2
GFTGNTEGSMLK	0	0	
GFYPSDIAMEWESSGQPENNYK	0	0	
GFYPSDIAMEWESSGQPENNYKTTPPVLDSDGSFFLYSK	0	0	
GFYPSDIAVEWESNGQPENNYKTTPPMLDSDGSFFLYSK	681	0	PE=2,PE=1
GFYPSDIAVEWESSGQPENNYK	0	0	
GGEKEEGNDGQDLR	0	0	
GGGAGFISGLTYLELDNPAGNKR	11740	0	PE=2
GGGGDSGDPGRPDPEAESPR	0	0	
GGHQTSESCQGAGHHHTLDSCR	0	0	
GGLSSPIYIDLR	0	0	
GGMGSGGLATGIAAGLAGMGGIQNEK	0	0	
GGPEGATTWLMK	45	0	PE=2
GGPKETITQQGR	0	0	
GGPPPAAAAQAQVQGASFR	0	0	
GGPVQVLEDK	0	0	
GGSGGFTAPVGGPDGTVPMPMPMPMPSANTPFSYPLPK	692	1	PE=2,PE=1
GGSSGNPTTTIESPK	29	0	PE=2
GGTLSTPQTGSENDALYEYLR	19891	59	PE=2
GHAEQGDPGAPEQTGPQR	1	0	
GHDQLAYDGKDYIALNEDLR	17	2	PE=2,PE=3
GHEVNLEALPK	1	0	
GHEVTVLASSASILFDPNYSSTLK	0	0	
GHHTFLTEEVAQEYQVK	30	0	PE=2
GHNGLQGLPGIAGHHGDQGAPGSMGPAGPR	0	0	
GHNQFAYDGK	311	36	PE=2,PE=3
GHNQFAYDGKDYIALNEDLSSWTAADTAAQITQR	47	0	PE=2,PE=3
GHNQLAYDGK	716	0	PE=2,PE=3,PE=4
GHNQLAYDGKDYIALNEDLSSWTAADTAAQITQR	52	0	PE=2,PE=3,PE=4
GHVECYLEECQALSCPHGWAK	0	0	
GHVFLQTDQPIYNPGQR	3991	0	PE=2
GIETGSEDMEILPNGLAFISSGLK	419	10	
GIETGSEDMEILPNGLAFISSGLKYPGIK	18	0	
GIFAVQVDENRR	0	0	
GIGCHYLEEGAQCPAPLSYVPR	24	0	PE=4
GIGGIFFDDLDSPSKEEVFCFVQSCAR	0	0	
GIIDLIEER	1954	11128	PE=3
GILEGELEGICGAGTWK	356	0	PE=2
GILVDTSR	1	0	
GIPFPSIEVGPEDVEEAR	64	1	PE=2
GISEDSHLESLQDVGQSAAPTFMISPETITGTGK	242	17	
GISEDSHLESLQDVGQSAAPTFMISPETITGTGKK	74	7	
GISSQPFPEQHCAALK	0	0	
GIVDGVILPTETR	1	8	
GIYNQEENVR	635	4	PE=2,PE=4
GIYNQEENVRFDSDVGEYR	184	0	PE=2,PE=4
GKASGSFVVVQK	0	0	
GKCEEAEECPYQVSLPPLTIQLPK	201	0	PE=2
GKDLSMIVLLPNEINGLQK	0	4	
GKDLSMIVLLPNEINGLQKLEEK	0	0	
GKDWEIPVPVGISVTDENGK	0	18	
GKEMVDYVANYMEGIEGR	131	0	PE=2
GKGEHFPYER	0	0	
GKIYSLNEGYAKDFDPAVTEYIQR	35	0	PE=2,PE=1
GKNLSMIVLLPNEIDGLQK	0	0	
GKQTVQVDEHARPQTTLEQLQK	0	0	
GLAGHFLDYLTR	475	0	PE=2
GLATDVATFTQGAAPGREDTGLLTTTHGPEEAPR	575	0	PE=2
GLCVDGQCVCEDGFTGPDCAELSCPNDCHGR	4358	245	PE=2
GLCVLCPNSNNSLLAFPGTHTGR	0	0	
GLETHIIALK	0	0	
GLEWIGRIYTSGSTNYNPSLK	16	16	PE=2,PE=1
GLEWIGSIHYR	0	0	
GLEWVSAIGTAGDTYYPGSVK	93	45	PE=2
GLEWVSGISWNSGSIGYADSVK	608	130	PE=2,PE=1
GLFDDEDEESDLFMEAPQDR	0	4	
GLGGLVWQGQVAELTTQMQK	0	0	
GLGTDESILIEVLCTR	0	0	
GLNDYAVVMEKEEVEELFQR	0	0	
GLNEDELLDFAALTEGHPLDVR	0	0	
GLNLEEITVSRPDSK	0	0	
GLNSWQQQQQQQQQQQPRPPPR	0	0	
GLQAQEGTVSWAVEAAPQTSDR	0	0	
GLQAQEGTVSWAVEAAPQTSDRGAYLSQR	0	0	
GLQIGYCSVDDDPR	0	0	
GLSEEDIFTPLQTGSCVLEH	4	0	PE=2
GLTVFPEELIIGR	1714	1	
GLVEPVNMVDNGDGTHTVTYTPSQEGPYMVSVK	74	28	
GLVEVTIQNLSEEDKGSYTAQLQDGK	0	0	
GLVQDETELEDENQEGMTVHSSVHSNNLNSMPAAEK	1	0	
GLVVHDVSPEDAGLYTCHMGSEETR	0	0	
GLVYPARPAQLR	0	0	
GMDDDWGPR	0	0	
GMDTINTTFGTAVIK	0	0	
GMLEPVQRPDVVLVGAGYR	12625	503	
GMLQPGTALVLLEAQAATGFVIDPVR	0	0	
GMPETTQPDKQR	21	0	PE=2
GMQGAPPQGSMLGPPQELR	0	0	
GNEIVLSAGSTLR	0	0	
GNLNFTCNGNSVISPVGNR	817	1897	
GNTDSSLQSMGK	1	0	
GNTQATSHCFDVR	1	0	
GNYDAAKRGPGGVWAAEAISDAR	21	0	PE=1
GPAAPPPPAGGAANNHGAGSGAGGR	6761	22	
GPDGVCLSGDRGPQGDK	294	0	PE=2
GPDMLWQCPSSPWEK	0	0	
GPFKYAWVLDK	0	0	
GPGGAWAAEVISDAR	5768	66	
GPGGVWAAEAISDAR	4456	44	PE=1
GPGGVWAAEAISDARENIQR	224	0	PE=1
GPGLNLPPPIGGAGPPLGLSKPK	1	0	
GPGSDSSLFATYNVELVR	0	0	
GPHDGPSQPTGPR	0	0	
GPILLELQTYR	391	0	PE=2
GPKVDIDAPDVDVHGTDWHLK	0	0	
GPKVDIDVPDVGVQGPDWHLK	0	0	
GPLQPMAGTCPAPEIR	37	1	
GPSAAGGHPGPAASEPVLPPLPGPQR	96	0	
GPTVGGGLPGTGVQGLEGNLQMPGIK	0	0	
GPYEMSPSLLDYLTMDIYAFPAGHASR	9	0	PE=2
GQAGGGGPGTGPGLGEAGSLATCGLPLAK	0	0	
GQEEISGALPVASPASLR	5	0	
GQEEMLLLFHHLTPR	2	0	
GQFVMEHHTLPDVK	0	0	
GQGQSVQMSGAVK	565	0	
GQGWPEEEDGEDVR	0	731	
GQMTDLYHYITSYVVDGQIIYGPAYSGR	0	0	
GQNDEENIQETSQVK	0	0	
GQNDEENIQETSQVKK	0	0	
GQPIDFEEQGGHFESIR	0	0	
GQTGAILQNTVESLSK	0	0	
GRAPPRPSGLPGTPGPR	0	0	
GRMEAIPCVVGDEEVWTSDVQYQMSPFNHGHK	0	0	
GRPGPEGAGPTAGLDVR	0	0	
GRPLVCFLNEPYLQVDFHTEMK	0	0	
GRPVPMVIPDELAPTYSLDTR	0	0	
GRVLLDEPPEEEDGLRGGPPPAAAAQAQVQGASFR	0	0	
GRVSIAELAQASNSLITWGR	0	0	
GSAVPVDGYISGLLNDIQK	0	0	
GSDVIIVGR	0	1110	
GSEGKPSLTLPASAPAPEEALTTVTVAPAPR	0	0	
GSESPRPNPPHAAPTGSQEPGR	8	0	
GSGLRGPLSRFYSGSPTSYFTSGLQAGLK	0	0	
GSGVGEQNGGLIGAEEK	4	0	PE=2
GSIYIGGAPDVATLTGGR	0	8	
GSLAEMAGLQVGR	0	5	
GSLEEYEDTPWSDQRPR	0	0	
GSLPILYQFHHEDAALER	242	0	PE=2
GSMPAYSGNNMDKSDSELNNEVAAR	692	14	
GSSAACNGLLTNHYVCEVDGQNVIGLK	0	0	
GSSFQSGRDNTWR	0	0	
GSSGSQASDSEGHSEDSDTQSVSAHGQAGPHQQSHQQSTR	0	0	
GSSGTQASDSEGHSEDSDTQSVSAHGQAGPHQQSHQQSTR	0	0	
GSTYALQTGPLLGQPDSLELQR	0	0	
GSWYSMKK	0	0	
GTAAAAAAAAAAAAAAAK	9828	64	PE=1
GTAAAAAAAAAAAAAAAKVPAKK	147	0	PE=1
GTAAAAAAAAAAAAAK	1509	36	PE=2
GTAAAAAAAAAAAAGEGAR	0	0	
GTAAAAAAAAAAAAK	154	26	
GTAAAAAAAAAAAAKVPAK	6	1	
GTAAAAAAAAAAAAKVPAKK	2	0	
GTAAAAAAAAAAAK	2259	0	PE=1
GTAHYHSLPAQDNLVLKR	6	0	PE=2
GTDECAIESVAVAATPIPK	9	0	
GTDECAIESVAVAATPIPKL	2	0	
GTNGAPAYSIYGR	0	0	
GTNGAPAYSIYGRPR	0	0	
GTQDSSAVPSAAHQEAPVTSGPAR	0	0	
GTQVVGSDMTVTVQFTNPLK	855	8	
GTQVVGSDMTVTVQFTNPLKETLR	57	0	
GTSEPVLDPQQTQAFDQLCR	0	0	
GTYLGLANHGQTR	103	0	PE=2,PE=1
GVAEVLRDGDCPAVLIPSKPLAR	214	1232	PE=3
GVAGSSVAVLCPYNRK	9	3	
GVALSNVVHK	1074	2	PE=2
GVAPPTLITNSTGTHLVLTVTNK	0	0	
GVFPPLLQK	0	0	
GVGAGGPEEGAPPATSAQR	0	0	
GVGGAVPGAVLEPVAPAPSVR	0	0	
GVLLDISGVLYDSGAGGGK	0	0	
GVSMDECVLCAQAFGQR	0	10	
GVSSPDHIFLPIPNWEHK	2323	74	PE=2
GVSSPDHIFLPIPNWEHKENPETEEDVGPVVQHIYELR	180	4	PE=2
GVTCEDVNECEVFPGICPNGR	0	0	
GWRPSSWEDSLEAGLPLQVR	5	0	
GWTGQESLLDSDPEMWELLQR	0	0	
GWVDFFVPK	30	0	
GYCNPGIQLCSVGSYTINFR	0	0	
GYDQFAYDGK	92	0	PE=2,PE=3
GYDQFAYDGKDYIALNEDLR	68	0	PE=2,PE=3
GYEAMYTLLGNANGAICAFPFK	7	0	
GYEAMYTLLGNANGAICAFPFKFENK	0	0	
GYHQDAYDGK	283	0	PE=4,PE=2,PE=3,PE=1
GYMLSEEPYIHANYQPVEIPVSHQPESK	345	0	PE=2
GYNQFAYDGKDYIALNEDLSSWTAADTAAQITQR	92	0	PE=2,PE=3,PE=1
GYPGVQGPEDLEWER	545	0	PE=2
GYPGVQGPEDLEWERYRGR	7	0	PE=2
GYQSLSDSPPGAR	260	0	PE=2
HAFRPTNAAAATSHSTASR	414	0	PE=2
HAGPVPVQVPLR	6	0	
HALSYNQGQLK	2	0	
HAMVVCQETDDTYIPLNHMDPNQK	11	0	
HARPPDSPASAPPDSSSNSASQDTK	0	0	
HASSGSFLSSANEHLK	183	16	
HASSGSFLSSANEHLKEDLNLR	7	0	
HCLTGGEALNR	0	0	
HCYPLIGSMTYSVK	0	0	
HDEILTELEK	0	0	
HDLQGLQSDLPLTPEQLEAVFESLDQAHTGFLTAR	0	0	
HDPIPAADTFEDLSDVEGGGSEPTQR	0	1	
HEAFESDLAAHQDRVEQIAAIAQELNELDYHNAVNVNDR	0	0	
HEESEMHINNSVK	0	0	
HEGQYLRPGEDER	0	0	
HFHNQEELLR	462	1	PE=2,PE=4
HFHNQEELLRFDSDVGEFR	1	0	PE=2,PE=4
HGAGVAMDGQDIQLPLLK	1	0	
HGDVHFDHFHPCAALTTDHIER	0	0	
HGIILNSEIATNGETSDTLNNVGYRGPTK	0	0	
HGTDDGVVWMNWKGSWYSMK	0	2	
HGTDDGVVWMNWKGSWYSMKK	0	0	
HGYFDEEMNR	269	0	
HHHIDQLGDGTCSLLITGLGR	0	0	
HIDCAAIYGSEPEIGEALK	11	0	
HIDCAAIYGSEPEIGEALKEDVGPGK	2	0	
HIDCAAIYGSEPEIGEALKEDVGPGKAVPR	0	0	
HILELQEVYDYLYQPSYR	300	15	
HITSNTTAAEFIMSATPTMGNTDFWK	264	0	PE=2
HIYNREEYAR	136	0	PE=2,PE=4
HIYNREEYVR	70	0	PE=4,PE=2,PE=1
HIYNREEYVRFDSDVGVYR	1	0	PE=4,PE=2,PE=1
HKLENGLAALSPSSK	19	0	
HKLYACEVTHQGLSSPVTK	743	3692	
HLANTDVPIPTHYFVVLTNCK	1	0	
HLAVLNGAMVSTPHYSPGLLIEK	0	0	
HLEESSTLDPHTK	42	0	PE=2
HLGDQMEVSLLAVR	1	0	
HLGGIPWTYAEDAVPTLTPCHFTGSEIR	0	0	
HLHLASPVQESPFYILIETSGSNAGHDAEK	17	0	PE=2
HLLHLLLSPLEVR	0	0	
HLMPMNPNDDSLFK	0	0	
HLSLGSVQLCGVGKFPSLPILSPALMDVSYR	0	0	
HLSQSSLLLEHLLSSWQQIPK	0	0	
HMAGAAAAGAVVGGLGGYVLGSAMSR	537	0	PE=2
HMMAFIEQEANEKAEEINAK	0	0	
HNQVESIFLSAIDMYGHEFCPENLK	0	0	
HNYEVAYR	269	0	PE=4,PE=2,PE=1
HNYEVGYR	79	0	PE=2,PE=4
HNYGAVESFTVQR	832	94	PE=2,PE=1,PE=4
HPAGQQLDEFLQLAVDKVEAGLDSGPCR	0	3	
HPFGFGQVPDNWREVAVGDSTGMALAR	0	0	
HPLKPDIQPFPQSVSESCPGK	8925	4	PE=2
HPPPPPFQNQQRPPQR	6	5	
HPPQPQPQPQPQPQPQPEPEPSPWGPLDDVR	0	0	
HPSSPSALRSPADPTDLGGQTSPR	207	0	PE=2
HPTIQGFASVAQEETEILTADMDAER	1541	0	PE=2
HQAQGDMATMLQLVLLLK	0	0	
HQHVCSNLVTTDDLR	0	0	
HQLPLDDASLSFAHANCTLIISYQKPK	0	0	
HQSEMKPGEPEPQILDFQTQQYK	2893	0	PE=2
HQSPIDILDQHAR	0	2	
HQTFAHEVDGRSEQVHGVINLGNSLIER	0	0	
HRELSGGTEAGTVPTSPGK	2	0	PE=2
HRETLDPSAPR	3	0	PE=2
HRPQVAIICGSGLGGLTDKLTQAQIFDYSEIPNFPR	2	0	
HSASQEGQDTIRAHPGSSR	0	0	
HSAYQDGQDTIR	0	0	
HSAYQDGQDTIRGHPGSSR	0	0	
HSDLAALYTIVAVFPSPLAAQNASLHLNNSVSR	0	0	
HSLCGETEEEKIR	0	0	
HSSGSASEDKLAACAR	0	0	
HSTIVLDTNDKESPTASKPCSPENESSPSSPK	0	0	
HSTLGTEIEEQR	2	0	
HSVSQEGQDTIRGHPGSSR	0	0	
HTDFEEREYVVLIR	0	2	
HTGSGILSMVNAGPNTNGSQFFICTAK	10	0	
HTLSFVDVGTGK	77	0	
HTQTSSGGQAASSHEQARSSAGDR	30	0	PE=2
HTSEEWGECGFRPTVFR	44	0	PE=2
HVATQHADEIYHQTDSILK	0	0	
HVGSSETNLLQHLLEACGR	1336	1	PE=2
HVNALISPGQK	1	0	PE=4
HVVCSLSGGVDSAVAALLLR	6	0	PE=2
HVWPEDCEQKVSEK	0	0	
HVWSHHTLPITDLHCGFGGPLAR	11	2	
HWDFNIIDK	1	10	
HWDFNIIDKDTSSSR	9	0	
HWLEGELLYLELTAR	0	0	
HWLVTDIKGADLKEGK	20	0	PE=2
HWVLSISWSPDGKK	0	53	
IAAANGIGRLVVGQNGILSTPAVSCIIR	0	0	
IAGMDPVVHSALR	302	0	PE=2
IAIQPGTVGPQGR	10	0	
IAKDPSWIIR	77	28	PE=2
IALLLMASQEPQR	2493	67	PE=1
IAPSMCITKPEVDFALEVFR	82	0	PE=2
IASSYYPEGDGDSSHLLAK	0	0	
IAYHSANANSHFSSPTQR	0	0	
ICHRPEEITR	49	0	PE=4
ICIDAMHGVVGPYVK	3396	0	PE=2
ICQSNLQLVHAR	1	126	
IDGITIHQSLAIIEYLEETRPTPR	2030	16	PE=2
IDLTTIVKPEAPFDLSVIYR	17	0	
IDPQTGWPFFVDHDSR	0	0	
IDVDKDGFVTEGELK	0	28	
IDWDDEKYYSTSLK	0	0	
IDWGDDQFYSTSLK	0	0	
IEEIMPNGDPLLAGHNTVDEVYVSR	0	0	
IEGLDIHFIHVKPPQLPAGR	98	44	
IEPDEAPVVAVLGSGGGLR	0	0	
IEPDRAQVDEVLQLR	0	0	
IEPHHTAVLGEGDSVQVENKNPK	0	0	
IETAFMDIEEQKANIYEMGK	0	0	
IFEKPVLGALTTPGEK	14	0	PE=2
IFSFNGKDVLR	0	0	
IGAAIQEELGYNCQTGGVIAEVLR	4	2	
IGELEDESLNR	0	76	
IGLVTEGETCGNAEK	0	0	
IGQPTLLLYVDAGPQTMTQR	0	0	
IGRPVHEFMLQPGDLLYFPR	0	0	
IGTAEVEKPAGLLFQQPNLDSALQIAR	0	0	
IGTTEVEKPAGLLFQQPDLDSALQIAR	287	0	PE=1
IGVLITDGKSQDNVEAPSKK	0	0	
IHEDEVDDMEEN	22	0	
IHEEAVQELR	2	0	
IHHDQPVKPLER	0	0	
IHLDTSSFMEELPGEK	0	0	
IHPTATHHITNEGVPASLPCVASGVPAPTITWTK	21	0	PE=2
IHTGEKPYECADCGK	0	0	
IHTGKKPYQCNECGK	0	0	
IIDTAGLSEAVGLIMCR	0	0	
IIEYGSPEELLQIPGPFYFMAK	0	0	
IILFLPCISQK	2	0	PE=2
IIMATDLDSEDK	0	0	
IIRDDMLCAGNSQR	0	0	
IIRDDMLCAGNTR	1274	0	PE=2
IISHFSQDDFTALVQMTEK	164	0	PE=2
IIWDLREEVEK	0	0	
IKEQTVPITSHLMELGLTAAK	0	0	
IKFPTVVAGFDLVGHEDTGHSLR	70	0	PE=2,PE=3
IKGVTCEDVNECEVFPGICPNGR	0	0	
IKMVAVGICR	498	1	PE=2
IKNEPVVFPEGPEISEELK	0	0	
IKNEPVVFPEGPEISEELKDLILK	0	0	
IKPLKLPQGLPTEENMSNTCLK	5	0	
IKQLLQENEVQFLDKGDENTVVDLGSK	0	0	
ILAAQGQVSAQGGAQPSVEAPAAPR	0	0	
ILDILISDLSCHVIEPSYK	1	0	
ILDVDNVDLAMGK	0	0	
ILEDMKEEDYLNFILFSGDVSTWK	0	3	
ILEFVGHSLPEETVDFMVQHTSFK	0	0	
ILGAFMQIITFR	0	0	
ILGEVINALK	4086	13316	PE=2
ILGVGPDDPDLVQAR	23	0	
ILIGGFSMGGCMAMHLAYR	0	8	
ILNDLNMAIKPGEMTALVGPSGAGK	0	0	
ILPNDECEK	0	0	
ILQNLLILTAIK	0	0	
ILSPSGGKPK	2	0	
ILVCLLQGSRDDVSSFVDPALALQDAQNLYAAGEK	0	0	
IMCTVDHQGQR	933	159	
IMDYYETNSQCSEPGIVFITK	3	0	
IMQDQSEGNSLQNQALQTLQER	930	0	PE=2
INAGMYILSPAVLR	231	38	
INENIAAASSTLFSSPVNLSTSGR	0	0	
INPQAEWVIKPQPSS	32	0	PE=2
INQYPESNAEYLTHLVPGAHVVK	0	0	
IPDPSAIKPEDWDESEPAQIEDSSVVKPAGWLDDEPK	0	0	
IPEAGGDNSVFDIFELTGAAR	2	0	
IPEPCQPK	297	0	PE=2
IPPGDLVFDPDQR	31	0	PE=4
IPPGDLVFDPDQRGDVVLPFQR	16	0	PE=4
IPQDTTQTNVTSAEGWWDQESNCQDGYRK	0	0	
IPTIIGILACQLR	0	0	
IPVTVITGYLGAGK	0	0	
IQDKLPTVTAKEDEEED	0	0	
IQDVGLVPMGGVMPGAVPAAAAQEAVEEDIPIAK	24	0	
IQENMHYGCASGYK	585	0	
IQFDEGYDNYPGQEKMDDLKK	0	0	
IQFMCGEDASNVMPVIFGK	0	0	
IQILNNWMEAQEER	21	24	
IQNEGVVLESEETNQTNK	0	0	
IQPEDMFVYDINEK	6	0	
IQPEDMFVYDINEKDISGPSPSK	0	0	
IQPEDMFVYDINEKDISGPSPSKK	1	0	
IQPFDDEEDEDIWEDSDTR	1	0	
IQQHLGEEASPR	238	2	
IQTLDALNDTLEK	0	0	
IQTPDALNDALEK	9	0	
IQWVDDTHALGIFPCR	0	0	
IQYEMPLCDEGSSSK	0	0	
IREEIVHFGIK	0	0	
IREESVMLR	0	2	
IREPLTAQQLEMTTER	0	0	
ISAFFSSVWDTILTK	0	0	
ISDISVEVGR	0	0	
ISEKQEEIISILEEK	0	0	
ISELTSELTDERNTGESASQLLDVETAER	0	0	
ISGSEKEPQFK	0	94	
ISHVVIEDTVVSDK	2	0	
ISILANTLINPQPITTFQQK	0	0	
ISLKEENVCEENSPVDQSDFFYEFSK	0	0	
ISNSAAYSGSVAPANSALGQTQPSDQDTLVQR	2481	0	PE=2
ISNSAAYSGSVAPANSALGQTQPSDQDTLVQRAEHIPAGK	11	0	PE=2
ISQLEKELIEDLKSLR	1	505	PE=2
ISQTYQQQYGRR	9	0	PE=2
ISSSSQTPQILVK	1	0	
ISTEVDITNVDLSTVDKDQSIAPK	0	0	
ISVATGALEAAQGSKPQCQTR	2	0	
ISVPDLDLNLKGPK	0	0	
ISYGPDWKDFYVVEPLAFEGTPEQK	824	47	PE=2
ITCSADALPK	307	0	PE=2
ITGSIANGTDGFVINLGQGTDK	0	0	
ITGSIANGTDGFVINLGQGTDKLNLHFNPR	0	0	
ITHSPQAHVNPQEK	28	0	PE=2
ITHVALDFWR	1	0	
ITNNMFCVGFLER	0	0	
ITQGQPLEVAFGSQITLR	0	0	
ITQQLTFLHFQR	0	0	
ITQQMVCAGYK	156	0	
ITQSPSSLSASTGDR	316	0	
ITVLGSNLGVQAGDIQR	2	0	
ITYEELPAIITIEDAVKNNSFYGPELK	0	0	
IVMEEGCLTQK	0	0	
IVNLFPQCTKDEIQIYQSK	20	0	PE=2
IVTDYTLAEADAALQK	216	0	PE=2
IVVHKDWNSNQVSK	0	0	
IYQFTASSPK	33	0	
IYSLNEGYAKDFDPAVTEYIQR	218	0	PE=2,PE=1
IYTSGSTNYNPSLK	1169	488	PE=2,PE=1
IYVDIGYVDLSTIR	82	0	PE=2
KAEALIQQEHADQAEIR	0	0	
KAEAQNHNCVPDVK	21	0	PE=2
KAEEAMEAQEVVEATPEGACTEPR	5	0	
KAEESMGIGSEEKPGR	0	0	
KAENSSNEEEASSEGNMR	2	0	
KAEPELDLR	0	0	
KAFSEYLGTDQSK	38	0	
KAFSEYLGTDQSKWK	1	0	
KALAQVFCEESGSSPLLQK	0	0	
KALDSNSLENDDLSAPGREPGDFNPESR	13	0	
KALPNSEDLVK	102	6	PE=4
KAPGTKGTAAAAAAAAAAAAAAAK	74	0	PE=1
KAPGTKGTAAAAAAAAAAAAK	0	0	
KAPPRPGPVPEAAQPFLFTTR	0	0	
KATLELTHNWGTEDDATQSYHNGNSDPR	2297	0	PE=2
KAVLDEAVVVLQAAFR	1	0	PE=2
KAVTDFTSEVTYDPPGR	0	0	
KCLKNEYIENR	0	0	
KCPDYTCPITFSSPADITILLDGSASVGSHNFDTTKHFAK	3	0	PE=2
KCPTPCQLQAEQAFLR	736	0	PE=2
KDAMWIGFLTR	263	0	PE=2,PE=4
KDEEDALPVLQEEIK	0	0	
KDEGEGAAGAGDHQDPSLGAGEAASK	3751	65	PE=2
KDGDEVCESNVSNSITSGEK	107	0	PE=2
KDGPHGSVLEEGLDDYLTHLIEER	0	0	
KEDFIVQDLEVWAFE	12	0	PE=2
KEDLAGSSLEDYVR	0	0	
KEDLELIMTEMEIPR	5	0	
KEDLRPSAPQQEGVASK	7	0	
KEDVFKDNFDEMDR	0	0	
KEEEEEDDDDDDSKEPK	330	16	PE=2
KEEENASVTDSAELQAYPALVVEK	254	200	
KEEFHEQSFRVQK	0	0	
KEEVWDSFKV	0	0	
KEEWQPGQQSR	0	0	
KEIPENSAVDQEA	1	0	PE=2
KENVATTDTLESTTVGSSV	39	0	
KEPEVIVVSQPTEPQPVLIPSININSDSGENKEEIGSLSK	0	0	
KFAENPKAGDEFVEK	30	2	PE=2
KFDEFQTGILLYELLHQPNPFEVR	0	0	
KFDFQGTCNYVLATTGCLGVSTQGLTPFTVTTK	4	0	
KFDFQGTCNYVLATTGCLGVSTQGLTPFTVTTKNENR	0	0	
KFNELMVMFR	81	0	PE=2
KFSKEEPVSSGPEEAAGK	224	36	
KFSLDALITNVLPFEK	52	4	
KFSQPELSEHPQK	0	0	
KGCAGVITLNRPK	30	20	
KGDVKPLAEQISITAGCK	0	0	
KGEPGAEPGHFGVCVDSLTSDK	0	0	
KGEVPPEEQGPSIK	0	1656	
KGSPDTEFKSGAGTELSVR	0	0	
KGTSEPVLDPQQTQAFDQLCR	0	0	
KHEAFESDLAAHQDRVEQIAAIAQELNELDYHNAVNVNDR	0	0	
KHGGSIVNIIVPTK	0	0	
KHPSPANTLFPGNK	20	0	PE=2
KHTGSGILSMVNAGPNTNGSQFFICTAK	0	0	
KHTLSFVDVGTGK	34	1	
KIDLTTIVKPEAPFDLSVIYR	7	0	
KILGAFMQIITFR	0	0	
KILGEVINALK	1199	1672	PE=2
KIQMAVCSKPGSAR	0	0	
KKLDDQSEDEALELEGPLITPGSGTAVLYIGPLK	0	0	
KKPWPDSAGDQASPPGDAPPLEEQK	20	0	
KKQDEEINQIEGER	0	0	
KKQIDQFASEVER	0	0	
KKSMEELTVIQCTSQELPAQTGLLSQTGDVPLPASR	0	0	
KLADKFIHAGVR	6	0	PE=2
KLCAGPACNEVER	0	0	
KLCFKENAEQGEVDVESHR	0	0	
KLCFKENAEQGEVNMESHR	0	0	
KLDDQSEDEALELEGPLITPGSGTAVLYIGPLK	0	0	
KLDSVFEEPLSK	1386	8	PE=2
KLDSVFEEPLSKK	136	1	PE=2
KLEALIASNDNANK	0	7	
KLEELELDEQQKR	1116	8073	
KLEMDLKDLEAHVDSANK	6	0	
KLGIHSTLLDEK	0	0	
KLGITPEGQSYLDQFR	344	268	PE=2
KLGNDAVSQDSSSPALSSVER	378	6	PE=2
KLIVQPNTHLEGSDVQLLEYEASAAGLIR	309	0	PE=2
KLQGIPPSGPAGELK	0	0	
KLQGIPPSGPAGELKFEPHI	0	0	
KLQSYFAACEDETPAIR	0	222	
KLSVADQEK	0	0	
KLSVADQEKVDK	0	0	
KLYESLLVGSLPDVNK	2	0	
KMDQTMAANAQK	0	0	
KMDQTMAANAQKNK	0	0	
KMPYTDQPAKLPEGSIAIK	3	0	PE=2
KMTLDLNDENDAGNLITFPK	4	0	PE=2,PE=4
KNEINLESELKSEQVTE	0	0	
KNGAVWCICNENYAGPNCER	0	0	
KNPDIPQLEPSDYLK	0	0	
KNPDSHYGELIEK	0	0	
KNVSIEFPVIDR	0	0	
KNWMVGGEGGASGR	0	0	
KPAAGLSAAPVPTTPAAGAPLMDFGNDFVPPAPR	23	0	
KPAFNLSAFGTLSPSLGNSSVLK	22	7	
KPEEGLQVEQLSGVGIPSGECLAQCR	0	0	
KPGRLPDTALPTLQNGAAVTDLAWDPFNPHR	0	0	
KPIEEKPSQPYSAR	0	0	
KPQYEQLTAAGQGILSRPGEDPSLHGIVK	0	39	
KPTSTDGPGQDAPGAESAGEPR	0	0	
KPVPPSPENLSVICFTSGTTGDPK	0	0	
KQAEVVDTEWEK	0	0	
KQCQQLQTAIAEVEQR	0	0	
KQDEEINQIEGER	0	0	
KQEEWGLTSTSVLK	0	0	
KQEEWGLTSTSVLKR	0	0	
KQGPYFEQPLQWK	0	0	
KQGSTTDNACHLFAELDPNQPASAIVSFVSK	0	0	
KQIDQFASEVER	0	0	
KQPFCDGSHFFQCTGLSPLK	0	0	
KQPFEDVTNPLQIMYSVSQGHRPVINEESLPYDTPHR	0	0	
KQQPNPGSELCYK	1	0	
KQTSVDSGIVQ	29	109	PE=2,PE=3
KQVEILNRHPHFK	0	0	
KQYDQFGNDKSQAAR	0	0	
KREDAITQQNTMQNEAVNLLDPGSSYLLQEPPR	0	0	
KRNTLSLAMLK	20	0	PE=2
KSCCSCCPVDCAK	0	0	
KSDIIIIAIHR	7	0	
KSEDGTPAEDGTPAATGGSQPPSLGR	17	0	
KSFPGLNHFK	53	0	PE=2
KSVEEYANCHLAR	2665	8758	PE=2
KTLINESLNFK	0	0	
KTPESFLGPNAALVDLDSLVSRPGPTLPGAK	0	0	
KTPMTNYTTVR	0	0	
KTSEDASEYYENYIEELKK	2	0	PE=2
KTSLDTKSVSEGHLK	0	0	
KVEGLLGCKPEVTIECTGAEASIQAGIYATR	0	0	
KVGTASENVYVNTAHLK	283	6	PE=2,PE=4
KVLLDGVQNLR	724	3	
KVLLDGVQNLRAEDLVGK	3	0	
KVPAQRLQEAGILSAEELQR	0	0	
KVPSRPPPHYPGIK	0	0	
KVSPWETSTSSFFPILAPAVGSYLTPTAR	0	0	
KVSVVDYVEPSPQGTR	1148	0	PE=2
KVSVVDYVEPSPQGTRWGLGGTCVNVGCIPK	10	0	PE=2
KVYGLQSELQYK	0	0	
KYAYWYQQKPGQAPVLVIYK	17	0	PE=2
KYDYYYNTDSKESSWVTPESCFYK	0	0	
LAAAAAAQSVYAFSARPLAGGEPVSLGSLR	1544	0	
LAAAQGQAPLEPTQDGSAIETCPKGDEPR	11	0	PE=2
LAAELSATLEQAAATAR	37	16	
LAAETGEGEGEPLSR	0	25	
LAALALASSENSSSTPEECEETSEKPK	194	30	
LAAMVDITTEELKQQFNQEIK	0	0	
LAAQESSEAEDMSIPR	34	0	PE=2
LAAQLGAPTSLIPDSAIVNTR	9	0	
LAAVAQGLQQTSIPK	0	0	
LACESASSTEVSGVLK	0	0	
LAEAPSPAPTPSPTPVEDLSPQTSTSPGRLPLSGK	0	0	
LAEDPAEPR	0	239	PE=4
LAFEEFQLER	0	0	
LAGSEVPQDR	173	0	PE=2
LAKDREAAEGLGSHER	51	600	PE=2
LAKDVASLSSQIQDTQELLQEETR	0	0	
LAKEEGWLAEHMLVLGITNPEGEKK	0	0	
LALSPNAQILALASGSSIHLYNTR	122	0	PE=2
LAPRPQSEEDLAALFEASMK	785	0	PE=2
LAQASHTCGSPPEDFCPHVGAAGAGAQCQR	0	0	
LAQGHTTVDELAWR	1	0	
LAQMVDDGAFTAGLAQVSFDK	334	0	PE=2
LAQMVDDGAFTAGLAQVSFDKLK	4	0	PE=2
LATEDDLVEMQGYK	0	0	
LATGSDDNCAAFFEGPPFKFKFTVGDHSR	18	0	PE=2
LCASGAGATADTAIEEIK	1	0	
LCASGAGATADTAIEEIKEK	8	0	
LCFKENAEQGEVDVESHR	0	0	
LCFKENAEQGEVNMESHR	0	0	
LCFTVQGFPMPMVQWYK	0	0	
LCFVALDFEQEMATVASSSSLEK	0	0	
LCHCPVGYTGPFCDVDTK	6825	17	PE=2,PE=4
LCQPEGIHICNGTEAENTATLTLLEQQGLIR	0	0	
LCTSVTESDVAR	412	0	PE=2
LDEELKIQAKEDR	0	0	
LDEHQGEGTTPCTSSILQEK	0	0	
LDGAQLQGDLSLADK	0	0	
LDHCLQEASPCYK	0	0	
LDHCLQEASPHYK	0	0	
LDHGEESNESAESSNNWEK	37	0	
LDLTGGTFEDNLR	0	0	
LDNLFLEQEDEEEK	0	0	
LDPAYFSVGYVDR	0	0	
LDSAQLEGDLSLANK	1	0	
LDSAQLEGDLSLANKDVTAK	0	0	
LDSSPVLSPGNK	168	25148	
LDSTDFTSTIK	2954	4	PE=2
LDSVFEEPLSK	492	0	PE=2
LDTFLLDNFVPLMSRPDFLSYLSFEKLMSYLDNDYLSR	0	0	
LEADVHGKPLPTTEWLR	26	0	
LEADVHGKPLPTTEWLRGDK	0	0	
LEAEGEAMEDAAAPGNDR	893	31	PE=2
LECGGSAVEDK	0	0	
LEDEEEMNSELTAK	0	10	
LEEECEGREPGLETGTQAADCK	0	0	
LEEECEGREPGLETGTQAADCKDAPLK	0	0	
LEELDLGNNEICNLPESIGALLHLK	0	0	
LEEQDEFEKIFK	30	0	PE=2
LEGANVQEAQK	0	0	
LEGDLSLANKDVTAKDSK	0	0	
LEGLDTGWDALGR	768	16	PE=2
LEGPDVSLKVPGVDLPSVNLSMPK	0	0	
LEGSDVQLLEYK	0	0	
LEHEVFDAGEVFGIMQVEEVEEEEDEAAWEVRK	0	0	
LEKEIEVLERGDSAPAAAK	9	0	PE=2
LEKQGAAGPGGPR	0	0	
LEKQGAAGSPGGPR	0	0	
LELEEAATPEGHAMR	1	1	
LEMDLKDLEAHVDSANK	1	0	
LENGLAALSPSSK	130	0	
LENHVNDLK	0	0	
LENLLLVHYQPGGTAQGFGPAEPTPTSSYPTR	0	0	
LENNMLMLPSVQPQDAGTYVCTATNR	0	0	
LENNMLMLPSVRPQDAGTYICTATNR	5	0	
LENVIVTDVDPK	8	0	
LEPPWINVLQEDSVTLTCWGAR	0	0	
LEQDLSIIQSIQRPDAEGATEHR	1	0	
LEQNLSGEEHVQELLK	356	0	PE=2
LEQQLVHVERPVLR	0	0	
LEQQVDDLEGSLEQQK	0	0	
LEQQVDDLEGSLEQQKK	0	0	
LETMNQCWESVLQK	1	7718	
LETTNEVTDSDFETR	14	0	
LEVLTNKK	0	0	
LEVYPTSLTKNDLEDSLLK	25	15	PE=4
LEWMGWINTGNGNTK	131	0	PE=1
LFAYSSWEVLR	813	12	PE=2
LFCQTLEDILADAPESQNNCR	0	0	
LFGSPLSDYYAYSPVQER	6	82	
LFLDQDLMTLPIQNK	1	0	
LFPMAFNLVK	0	0	
LFSILSTALLR	391	8	PE=2
LFSVPSVFTPAIDTK	4	0	
LFSVPSVFTPAIDTKAPEK	0	0	
LGAAVAPEGSQK	301	0	PE=2
LGAVYTEGGFVEGINK	0	0	
LGCQDAFPEVYNKICK	0	0	
LGELTMTDATPDSLSLSWMVPEGQFDHFLVQYR	0	0	
LGELTMTDATPDSLSLSWMVPEGQFDHFLVQYRNGDGQPK	0	0	
LGEPAGESVENQEVQSK	20	0	
LGFDISEQEVTAPAPAACQILKER	0	0	
LGGPGNSFHTPPR	0	0	
LGHFLEHVLGSGLVTDGTMATDQR	60	0	PE=2
LGIHSTLLDEK	28	0	
LGIHSTLLDEKK	0	0	
LGIHSTLLDEKKDQDSK	10	0	
LGITPEGQSYLDQFR	2374	2726	PE=2
LGLDFPNGMLGSLVAQLSFPGFPSIQLPYLIDGTHK	0	0	
LGMIVDKIDVDKDGFVTEGELK	0	2	
LGNDAVSQDSSSPALSSVER	700	24	PE=2
LGPELPLAMDR	208	0	
LGPELPLAMDRFPYVALSK	0	0	
LGQMTVRDITSDSLSLSWTVPEGQFDHFLVQYKNGDGQPK	0	0	
LGQTPFDVADEGLVEHLQLLQK	0	0	
LGSETCLPQHIR	5	0	
LGSKGDTAVGGDACSQSK	1	1	PE=2
LGVLHVGQKLEEQDEFEKIFK	43	0	PE=2
LHFFMPGFAPLTSQGSQQYR	20	6	PE=2
LHGHLYTPGQEITNDCK	0	0	
LHLQLGQPAAAAALCLELAAALR	0	0	
LHPDKNPNNPNAHGNFLK	385	0	PE=4
LHPDKNPNNPNAHGNFLKINR	3	0	PE=4
LHQLAYDTYQEFEEAYIPK	0	0	
LHQLAYDTYQEFEEAYIPKEQK	0	0	
LHQLVPPQTDVLLHVDVAAAQTGVSR	0	0	
LHSLTQAKEESEK	800	109	PE=2
LHTGEKPYECQECGK	0	0	
LHTLQEVNNNVR	15	0	PE=2
LHVGCDEVYYLGEGEASRR	0	0	
LHVSLMENCPGTLQALGEPIR	0	0	
LHVSLMENYPGTLEALGEPIR	0	4722	
LHVTLYDCSFGR	0	0	
LHWERPEPPGPYFYDLTVTSAHDQSLVLK	767	13	PE=2
LIAASSRPNQASSEGQFVVLSSSQSEESDLGGGGK	0	0	
LIDAETTAGAWPNVAAVSITGR	0	0	
LIDGEYKDYLASHPFDTGMTLGQGMSR	17	0	
LIDIFYPGDQQSVTFGIK	3	0	
LIDSISNSHPLLPPELRPLGSQVQK	0	0	
LIHVMLMDNSTPQSEGGTLK	742	3	PE=1
LIIYAQLTGK	0	0	
LIKENQEAEKLEDDIR	4	0	PE=2
LIKLEHAEAKQHEDQSK	1	0	PE=2
LINLGGENIR	61	0	
LIPGVEYLVSIITMK	0	0	
LIQEQEQQLVGALAADLHK	0	0	
LIQLVNAQQAK	551	1	PE=2
LIVPSQFKPTSPNR	0	0	
LIVQLTVLEPMEKPIFHDPISEK	4	0	
LIYLEHSPNSEGAASHTGDSR	80	0	PE=2
LKAFAKLPPNVLR	16	0	PE=2
LKAGVAAPATQVVQVTLQSVQR	15	0	
LKAKLPDATPK	18	0	PE=2
LKAKLPEATPTELAK	166	0	PE=4
LKEAQNTCAMLTTYNEIDMSNIQEMR	0	0	
LKECVLHDDLLEAR	43	5	
LKEVFPMAALMPGAEK	0	0	
LKGDIDSNAAIDLSNK	294	0	PE=2
LKGDIDSNAAIDLSNKASLAFLQK	1	0	PE=2
LKICIDAMHGVVGPYVK	6	0	PE=2
LKLTIVDTVGFGDQLNK	0	0	
LKQEYFVVASTLQDIIR	1692	0	PE=2
LKTEKAPQDQVDIAVQELLQLK	0	0	
LKTEPEEVFIEDSAQSDLK	0	0	
LKTEPEEVFIEDSAQSDLKEVMVLNATESFVYEPK	0	0	
LLAAEGSHVTANVVDPGVVNTDLYK	0	18	
LLALSGPFHYWGPVIDGHFLR	0	0	
LLASTASSSSPASVMVAKEDRN	3	1	PE=2
LLDDAMADDKSDEWFAK	0	0	
LLDDAMSADKSDEWFAK	0	0	
LLDTAFDLDIFK	536	0	PE=2
LLEEALLCLLPAELPAK	2	0	
LLEEALLCLLPAELPAKR	0	0	
LLEHVTQEQNELLK	0	0	
LLELEEHIR	0	0	
LLEPHCFPLSLVPTEFCPSPPALKDGFVQDEGPMFPVGK	1	0	
LLESGDLSMSSVK	334	59	PE=2
LLEVLDTEK	0	34	
LLGIHSVFCKPQNIR	87	0	PE=2
LLGLELSEAEAIGADSAR	1521	0	
LLGLPGPPDVPDHAAYHPFR	3	10	
LLGLPGPPDVPDHAAYHPFRR	0	0	
LLHGMKDDVVPWHTSMQVADR	0	0	
LLHLLVDDMPVKPYSDGEGGIEDENR	0	0	
LLHTADTCQLEVALVGASPR	4	0	
LLIAPESAAPEEALGPAEEPEPGR	0	0	
LLIFGASTR	1285	0	PE=2
LLISAASTLQSGVPSR	0	0	PE=2
LLIYAASALQSGVPSR	184	71	PE=2
LLIYAASNLQSGVPSR	1972	0	PE=2
LLIYDASVR	0	0	
LLIYENNKR	0	0	PE=2
LLIYENNKRPSGIPDR	525	0	PE=2
LLIYSASSLQSGVPSR	826	0	PE=2
LLLAHPACNSSLTDK	0	299	
LLLEAGADPTVQDCR	0	0	
LLLTNDPLEAAHGGNVLITDTWISMGREEEK	0	0	
LLNEKEQELR	1	0	PE=2
LLNKVELMLPEK	0	0	
LLNLLADLVER	4674	60	
LLNLLADLVERDR	614	0	
LLNVNASDPPPISGK	0	0	
LLPADALANCDLLLR	288	0	
LLPSFVSSENAFYLSPHIR	1	0	
LLPSVWSESEDGAGSPAPYR	32	51	
LLPWSPEHIDTR	0	0	
LLQAQAAGVDWR	243	33	
LLQAQAAGVDWREGAR	0	0	
LLQEDTPMR	0	0	
LLQGKDYIFR	0	0	
LLRDPADATEAHESSSR	59	0	
LLRDPADATEAHESSSRGEAGAPGEEDIQGPTK	0	0	
LLSDLLPPSTGTFQEAQSR	1382	2	
LLSDTDDLILENFYDK	0	0	
LLSLFPLSCQK	0	0	
LLSLGAGEFR	1097	0	PE=2
LLSMTLSPDLHTR	694	447	PE=2
LLSTCGLIQSVELQEKPDLAESPK	0	0	
LLSTCGLVQSIELQEKPDLAESPK	0	0	
LLTQDEGPALVPGSR	1164	0	PE=2
LMEHGIIQHVSSK	0	36	
LMHLTSEELNPHPDK	2	0	
LMIYDVSNR	28	0	PE=2,PE=1,PE=4
LMIYDVSNRPSGVSNR	3833	3	PE=2,PE=1,PE=4
LMKEGLEAAQLK	206	0	PE=2
LMKYCQHGVK	0	0	
LMLLNTPGQLPQTLSSPSTR	167	18	PE=2
LNAEESDKLYK	0	0	
LNATEEMLQQELLSR	2295	7142	PE=2
LNEGSSAMANGVEEK	2476	0	PE=2
LNEGSSAMANGVEEKEPEAPEM	4210	84	PE=2
LNGQQTALASQYR	0	0	
LNNISIIGPLDMK	939	0	PE=2
LNSVTAADTALYYCAR	493	0	PE=2
LNVLESLIK	0	0	
LPDATPKELAK	32	0	PE=2
LPDTALPTLQNGAAVTDLAWDPFNPHR	0	0	
LPEATPTELAK	6717	33	PE=4
LPEGHLPEVAGLK	0	0	
LPGEGGDGTPAEAR	0	0	
LPLALHDTPPIPGQPEEIR	3	0	
LPLALPPASQGCSSGGGGGGGGGSSAGGSGNSRPPR	726	160	
LPLPCPECGHR	0	0	
LPNTLKPDSYQVTLRPYLTPNDR	61	2	
LPQEQSQLPNPSEASTTFPESHLR	5439	19	
LPQGLPTEENMSNTCLK	1364	2	
LPTVTAKEDEEED	0	0	
LPWVCEEGAGIPTVLQGHINCGSLLGYR	0	0	
LQAAYNLVK	7	0	
LQAEANDLQIR	0	0	
LQAEEKAHAFVVQQK	0	0	
LQALANEQAAAAHQLEK	0	0	
LQALYDPINPDRETLDQPSLTNPQR	0	0	
LQCPQVDLFYLHTPDHGTPVEETLHACQR	10	0	
LQDEELDPEFVQK	0	0	
LQDNELQALPPLRLPR	0	0	
LQDSDTDYGSGYPNDPK	0	5	
LQEAGILSAEELQQLAQGHTTVDELAR	0	0	
LQELTPSSGDPGEHDPASTHK	5210	63	PE=2
LQEQHLSSPQGVQLDR	389	0	PE=2
LQEQQQQMEAQVK	794	0	PE=2
LQFIDDAFSLSK	14	0	PE=1
LQFKDHIVLTVLPDQDQSDETQEK	6	0	PE=2
LQGASWDTQSGPQER	172	9	PE=2
LQGGAGPEPISEER	0	0	
LQGHLLRQQQQQQQQVAR	0	0	
LQGHTPGEDHGEVVSQDR	45	1	PE=2
LQGIPPSGPAGELK	0	0	
LQGQKEPGDQGPAHPPGADMSR	0	0	
LQGSVMELLQDVDGVIK	0	0	
LQGSVMELLQDVDGVIKR	0	0	
LQGTLAADKNEILFSEFNINYNNEPPMYR	0	0	
LQHLLSCYDSGKPVFLGER	6	7	
LQLWWCGGGPDSSIPDDHQGEK	0	0	
LQNAFWEHGANR	0	0	
LQNEAESVTGMLNEAEGK	14	0	
LQNIQNTIEETGNLAEQAR	30	0	
LQNSEPSAPLAGLEK	0	0	
LQPEESTETVDSSYVVGHVLNSR	0	0	
LQPGAFQLSGDQLVVAGPGEPAAAR	0	1	
LQPHSNGKVDLNLPNIGIK	6	0	PE=2
LQPNLTDEEVLLLSMR	0	0	
LQQALLPVVDYEHCSR	0	4888	
LQQQHSEQPPLQPSPVTTR	1196	1	
LQSAGSAVPTSSSFK	0	0	
LQSTGNKAEDTKGTECVK	29	0	PE=2
LQSYFAACEDETPAIR	0	470	
LQTEAQEDDWYDCHRETR	2	0	PE=2
LQTNGALPDDLKQGR	18	0	PE=1
LQWFQNHLDPPK	2	2	
LRDEQLNSPYSCQAEGPCLTR	0	0	
LRDGDSNSTLEEHSEGK	1	0	
LREENDLGPAGMVDSSQGQGYLEEK	0	0	
LRETQDPTAQSLAASLSTGQLLR	0	0	
LRPEPSISLEPR	34	0	
LRRELNESLQVAER	0	0	
LRSDAVESAAQKTSEDLER	0	0	
LRSPLPWQYR	25	0	PE=2
LSAASGYSDVTDSK	665	26	PE=2,PE=5
LSAASSASSLASAGSAEGVGGAPTPK	49	1	
LSAELGLQQPAWLR	0	0	
LSAYPALEGVLHR	227	0	PE=2,PE=4
LSCAASGFTFSNAWMNWVR	541	0	PE=2
LSCAASGFTFSNYAMHWVR	763	14	PE=2
LSCAASGFTFSTYGMHWVR	585	0	PE=2
LSCAVSGFTFSSYAMHWVR	37	0	PE=2
LSDLQEALDQALNHVR	4200	34	PE=2
LSEGPVPEGAGLK	0	0	
LSEIDVALEGVR	783	0	PE=2
LSEIQETSEQAQSK	0	0	
LSEIQETSEQAQSKFK	0	0	
LSEIQETSEQAQSKFKSEK	0	0	
LSEKLDSTDFTSTIK	286	0	PE=2
LSEPAEITDAVK	1084	0	
LSGDRNPLHIDPNFASLAGFDKPILHGLCTFGFSAR	126	0	PE=2
LSGVLYQQHSQALGK	0	0	
LSPDDASFVDAIHTFTR	351	0	PE=2
LSSFYYHEAGVTALSQDPQR	182	0	PE=2
LSSPLHFVNTHFNGAGSPQDGVK	23	0	
LSSSAIPHLYSEALK	0	0	
LSSVSGPSPEPPPLDGSPGPK	32	1	
LSVADQEKVDK	0	0	
LSVADQEKVDKFMIELDGTENK	0	0	
LSVFSTIDAPVAPSDK	4	0	
LSWAEAGSQTAAGAMER	0	6	
LSYDQQQQQQQQQQALQSR	0	0	
LTAEFEEAQTSACLLQEELEK	2970	0	PE=2
LTAEFEEAQTSACLLQEELEKLR	150	0	PE=2
LTAIIEEAEEAPGARPQLQDTWR	0	0	
LTAIIEEAEEAPGAWPQLQDAWR	0	0	
LTASEPLTLEQEYAMQR	0	0	
LTEDPAERVLLLEAGPKDVR	3	0	
LTENPEKQTLPGSK	0	0	
LTFFNSTLNTSGPVPEGDALPIPGAHRPGVVTK	0	0	
LTGHGAEDSLADQAANK	1959	5	
LTGHGAEDSLADQAANKWGR	10	0	
LTGSSAQEAASGVALGEAPDHSYESLR	1803	0	PE=2
LTGSSAQEAASGVALGEAPDHSYESLRVTSAQK	89	0	PE=2
LTIVDTVGFGDQLNK	0	0	
LTIVDTVGFGDQLNKDDSYKPIVEYIDAQFEAYLQEELK	0	0	
LTIYTTLIDVTK	5	0	
LTMSIEAR	31	0	
LTPPAGISATEIAK	13	0	PE=2
LTPVSAQFQDIEGK	1332	0	PE=2
LTQAQIFDYSEIPNFPR	120	45	
LTSALDQLLQATR	0	0	
LTSQMQATLQQASQQVLASEAR	19	0	PE=2
LVASELHTSLYSSMVGADR	54	0	
LVATSLEGKFHVFDVR	1	0	PE=2
LVHDFTDDVIQER	3	0	
LVLPSGMEELR	111	13	
LVLSTFSNIREELGHLQNDLTSLENDK	0	141	
LVLSTFSNIREELGHLQNDLTSLENDKMR	0	0	
LVNSLYPDGSKPLKVPENPPSMVFK	0	0	
LVPDLLAIVQHK	0	0	
LVVGQNGILSTPAVSCIIR	5	0	
LVVGQNGILSTPAVSCIIRK	0	0	
LVVQQAGQADAGEYSCEAGSQR	0	0	
LVVQQAGQADAGEYSCK	0	0	
LYACEVTHQGLSSPVTK	6973	3442	
LYAESYERNPSGHDQEPQAVLSPLIAIALK	0	0	
LYEPVVIPVGR	858	20	
LYHQLEQETGIQTGYTR	808	17	
LYLSNNHISQLPPSIFMQLPQLNR	6	75	
LYLSVAGVSTTCQEHSHICL	15	0	PE=2
LYNPASGTISLDGHDIR	1	0	
LYTNGPLPDKLQQALLPVVDYEHCSR	0	0	
LYVELHRGQELGGGQDPVQLLSGFPR	0	0	
MADALDNYVVR	0	0	
MAEGAQPQQPPQLGPGAAAR	11	6	
MAHGYGEESEEERGLEPGKGHHHR	128	0	PE=2
MALGIAAALGSNVIR	0	0	
MAPCEFGVLNNLANVLSQHLNQK	38	0	PE=4
MAPGEIKVDDAK	0	0	
MAPYQGPEAVPGALDYK	0	0	
MAQWGNKPIC	2513	0	PE=2
MAVDISESEAVESGFDLR	4122	0	PE=3
MCINTEWGGFGDNGCIDDIR	410	64	PE=2
MCSADYAGLLQTFQVFILDELTAR	13	0	PE=2
MDATANNVPSDR	0	0	
MDATANNVPSDRYK	0	0	
MDATANNVPSDRYKVEGFPTIYFAPSGDK	0	0	
MDDPTEQCQDPVPEPPR	1097	15	PE=4
MDKDLGSVQGFEDTNKSER	42	0	PE=2
MDPNCSCSPVGSCACAGSCKCKQCK	0	0	
MDSKQQCVK	0	0	
MDTESELDLISR	0	0	
MDVTQMEFPDASFQVVLDK	79	0	PE=2
MEAIPCVVGDEEVWTSDVQYQMSPFNHGHK	0	0	
MELLHPLGLDSPIAGFLQK	25	0	
MEMPSTPQQLQNLTEDTR	0	0	
MEPEPAEPLAAAVEAANGAEQTR	941	0	PE=2
MEPEPAEPLAAAVEVANGAEQTR	358	0	PE=2
METKTESSGIETEPTVHHLPLSTEKVVQETVLVQER	0	0	
MFGCDLGPDGR	621	88	PE=4,PE=2,PE=3,PE=1
MFPGVPLDTHDVFQYQEK	387	0	PE=2
MGFTNVGPNNQPVSFQEIFEAK	0	0	
MGFTNVGPNNQPVSFQEIFEAKR	0	0	
MGTPVLEALGDGEFVK	10	1	
MHGHGGYDSDFSDDEHCGESSK	83	16	
MHKEEHEVAVLGAPPSTILPR	1797	9	
MIGLEHPLIPVQHQYVVTSTIPEVK	1602	2	PE=2
MILFAFGSAVAQAR	0	0	
MIVSDVMQQAQYDQPLEK	0	3	
MKDVNVENVNQHR	0	0	
MKDVPGFLQQSQSSGPGQPAVWHR	1363	9	PE=2
MKGTAHYHSLPAQDNLVLK	5	0	PE=2
MKGTAHYHSLPAQDNLVLKR	1	0	PE=2
MKLTENPEK	0	0	
MKLTENPEKQTLPGSK	0	0	
MLDAQVQTDPVSIGPVGKPK	321	2	PE=2
MLKEEQEVAMLGAPHNPAPPTSTVIHIR	128	0	PE=2,PE=1
MLLQGSGCLAGIYLEDTK	0	0	
MLSFGVSAPGK	5	5	
MMEFGLSWVFLVAIFKGVQCEVQLVESGGGLVQPGGSLR	0	0	
MNDADSTSVETMYSVASQCLHEK	0	0	
MNTEPERK	0	17	
MQHSLAGQTYAVPLIQPDLR	1300	3518	PE=2,PE=1
MQHSLAGQTYAVPLIQPDLRR	130	180	PE=2,PE=1
MQLKPMEINPEMLNKVLYR	483	0	PE=2
MQQEIAFQQVMSQIANVK	0	0	
MQYAPNTQVEILPQGR	318	342	
MRAPADPAPAPADPASPQHQPAGPAPLLSTPAPEAR	0	0	
MRESALEPGPVPEAPAGGPVHAVTVVTLLEK	7	0	
MRPWEDPPSDLLLLK	39	0	
MSGCDVGPDGR	143	0	PE=2,PE=3
MSGDEAVNQGEASQTLK	0	0	
MSGDNPSQLTK	0	0	
MSGYPIPK	0	0	
MSIYQAMWKGMLQPGTALVLLEAQAATGFVIDPVR	0	0	
MSLPLGIYR	0	0	
MSLSSVEVDVQAPR	0	0	
MSNWQGAIDSCLEALEIDPSNTK	2064	77	PE=4
MSVPGRPAGEEPLAQPPSPR	100	0	
MTEFGLSWVFLVAIFKGVQCEVQLVESGGGLVQPGGSLR	0	0	
MTLDLNDENDAGNLITFPK	5	0	PE=2,PE=4
MTLLNVCSIVNNLNSPAEETGEVHEEELVAR	0	0	
MTNTTYSEPAQNSK	0	0	
MTQSPSSLSASTGDR	522	0	PE=2
MVAVGICR	4973	26	PE=2
MVAVQNYHGNPAPPGKPVLTFQTGDVLELLR	0	0	
MVDFAGMK	1810	0	PE=3,PE=4
MVDFAGMKDK	144	0	PE=3,PE=4
MVGVPASLDMMLTGR	0	0	
MVHLTPKEKSAVTALWGK	0	0	
MVHLTPVEKSAVTALWGKVNVDEVGGEALGR	1949	0	PE=3
MVIQEIENSEDEEGKDSGR	0	0	
MVSALQQQQQQQR	0	0	
MVSGAYRQEFGQSK	0	0	
MVSGAYRQEFGQSKEITSAIK	0	0	
MVWDSQVSEHFFEYK	936	0	PE=2
MYALISDAQPLLLSTFSGDR	10	0	
MYALISDAQPLLLSTFSGDRR	2	0	
MYSHPLHNDPDLETVYTLCEK	0	0	
MYYSAVDPTK	20988	796	PE=2,PE=3
MYYSAVDPTKDIFTGLIGPMK	59774	2387	PE=2,PE=3
MYYSAVDPTKDIFTGLIGPMKICK	954	104	PE=2,PE=3
NAAGHGSSGGGGGNTQDECAEYQEQMK	86	0	PE=2
NAAGSTSVAFLVEIHTVPTIR	0	0	
NAHVPIQTEGVNTADEPTTFKK	1	0	
NAIAEPAVQR	16	0	
NAINSPMSPALADVHPEDTQLEENEER	559	2	
NALTGLPSGLFQASATLDTLVLK	22963	14	PE=2
NAMAHGNSTHQNSLEAQK	0	0	
NANSQEDAEELK	0	0	
NANSQEDAEELKATTR	1	0	
NASGLVLPTDMDPTK	14	0	
NASPSGDEDSSDSPDSEETPR	0	0	
NAYEECLEHLETFK	0	0	
NCEQCKSFYYQHPER	0	0	
NCNGGAINCTNVQISDSPFR	12	0	
NDLEDSLLK	767	185	PE=4
NDNIPEQDSLGLSNLQK	0	0	
NDVGPYECGIQNK	992	886	PE=2
NDWGDHYHWK	0	0	
NDYATMLPDSTEINQDTINR	25	2	
NDYATMLPDSTEINQDTINRIIK	0	0	
NEEALQVPR	0	0	
NEPVVFPEGPEISEELK	0	0	
NEPVVFPEGPEISEELKDLILK	0	0	
NEVLWHPTLNLPLSPQGTVR	483	0	PE=1
NEVQIHSGSFQSQVELSNDQEK	466	0	PE=4
NEVQKTSNSEDGSMGSFSEK	0	0	
NFDDAFLPVLKPHLEHLVADTHESTQR	0	0	
NFDREIGHNNPSAMAVESFTATAPFVQIGR	227	0	PE=2
NFLQTVSSEK	0	0	
NFNLPQLCIWK	0	0	
NGAAGGPRPAPTDGPQSR	0	0	
NGLLTNHYVCEVDGQNVIR	0	0	
NGNTALHYSVSHSNFSIAK	35	0	PE=2
NGPSGLRGAAPEGDSAALAEESPPAPSSR	0	0	
NGTAGGPRPAPTDGPR	663	2	PE=2
NGTLSVSNTTVGSK	4	0	
NGYLHVFYDFGFSSGPVHLEDTLK	72	0	PE=2
NGYLHVFYDFGFSSGPVHLEDTLKK	41	0	PE=2
NHEAGTSGCSIDAK	945	11	PE=2
NHFLVVGVPASPYSVK	276	388	PE=2
NHNSLLSLPQEPYSFSKPAQQAMR	0	0	
NHPVPVIAMVNGLATAAGCQLVASCDIAVASDK	2189	3	PE=2
NHPVPVIAMVNGLATAAGCQLVASCNIAVASDK	0	0	
NIFLVTNGQIPSWLNLDNPR	0	0	
NILGAQVSEVVPLPEHGVSVVFVNLGNTK	2	0	
NISFCVQEGEILGLLGPSGAGK	59	0	PE=2
NKADNNIDAIEETLETDDTTICSDRPPENEK	14	0	PE=2
NKQTLEKENTDLAGELR	0	0	
NKSTESLQTNVQR	14	0	
NKYEDEINR	19	6	
NKYEDEINRR	8	7	
NLCWDVLCVDQPVVEDPR	2	0	
NLDKLIQLVNAQQAK	49	0	PE=2
NLDKNTMGYLQWR	0	4	
NLDYPFGNILR	0	0	
NLELGLSQGSFAFIHK	1112	0	PE=2
NLFLKPGEEHEVIVSFTPK	31	0	PE=2
NLGESPTGSADSAGIALR	0	0	
NLGIDFEDIK	0	0	
NLGVVVAPHTLKLPAEPITR	0	0	
NLHMAEAPANLEQPTSSFHVGTCFANAQR	0	0	
NLHMAEAPANLEQPTSSFHVGTCFANAQRGTYFDGTGFAK	0	0	
NLHTHHFPSPLSNNQEVSAFGEDGEGDNLDLWTVR	0	0	
NLIPVGSLVVMDVEVDKIEDQK	0	0	
NLLASEEGITTPK	0	0	
NLLDLLSPQPAPCPLNYVSQK	4	0	
NLLVENIINIYKQECSSRPLQK	0	0	
NLPAGTLAAELQETFGHFGSLGR	1118	2	
NLPAGTLAAELQETFGR	2	19	
NLPSLAEQGASDPPTVASR	1909	0	PE=2
NLQTQQASLQSENTHFENENQK	17	0	
NLQTQQASLQSENTHFENENQKLQQK	0	0	
NLTVSQNQSEEFYHGPNR	17	0	PE=2
NLWIPMKPYYTK	0	0	
NLYEKLQHETR	1	1	PE=2
NMENYLQALNISLAVR	0	0	
NNCLQGTGFLEEETTR	0	0	PE=2
NNDVINSSSYR	0	0	
NNEEYLALIFEKGGSYLAR	21	0	PE=2
NNFPAAAPHPVNGLEK	8	0	PE=2,PE=4
NNKGVAEVLR	0	14	PE=3
NNLFMSSAGYR	0	0	
NNLPTAISDWLYMK	5	4	
NNNIDAAIEDIENMLTSENK	9	0	
NNQQVPDNTEELGQTK	0	0	
NNSDQMVYVVTEDTDDFTR	185	1	PE=2
NNYNYVIWAK	1	0	
NPDSHYGELIEK	0	0	
NPDSSTMGPWCYTTDPTVR	9430	0	PE=2
NPILWNVADLVIKFPEEEAPSTVLSQNLFTPK	0	0	
NPLLDLAAYDQEGR	153	13	
NPPVWVHASPEHVVVTR	203	0	
NPSAMAVESFTATAPFVQIGR	393	4381	PE=2
NPSLIPLLLEAR	0	0	
NPWSMDENLMHISYETGILENPK	0	0	
NQDPNPPPQPEELTSSLHTFK	0	0	
NQIKDAQLQNAR	0	0	
NQLEIYNQPNQEGPFDVQETEIAVQAK	42	0	PE=2
NQQEIPSYLNNEPPEGSMK	0	0	
NQTAEPLAPEPPAVPSEVELQHLR	0	5	
NQVSLTCLVKGFYPSDIAMEWESSGQPENNYK	0	0	
NQVVLTMTNMDPVDTGTYYCAR	204	0	PE=2
NQVVLTMTNMNPVDTATYYCAR	0	0	
NRNVSPVALPR	0	0	
NRPDSGVEQAWK	2	4	
NRVGASSKLDSSPVLSPGNK	0	0	
NRYEVPVPLNIPSMPSSTPQGQLYDVLIK	0	0	
NSDPFAHSKDASSTSSGK	3	4	PE=2
NSGEEEIDSLQSMVQELR	370	0	PE=2
NSLEFFTMLAQR	1914	43	
NSLSETVR	1	0	
NSLYLQINSLR	0	0	PE=2
NSLYLQMNSLRAEDTALYYCAR	19	0	PE=2,PE=4
NSLYLQMNSLRDEDTAVYYCAR	570	85	PE=2
NSLYLQMNSLRTEDTTLYYCAK	0	0	
NSSAGGQGSYVPLLR	335	0	PE=2
NSSRDSGRGDSVSNSGSDALR	0	0	
NSSRHSASQEGQDTIR	0	0	
NSSVCENCGYFQQLEGK	0	0	
NSTIVFPLPIDTLQGIIGAK	0	0	
NSTLSEPGSGR	2618	32	PE=2
NSTLSEPGSGRGPPQEEEEEEDEEEEATKEDAEAPGIR	253	0	PE=2
NSTSFFGLMAAAAISK	62	0	
NSVQNQNHQTFLTVEK	0	4	
NSVSLTCEASGIPLPSTTWFK	0	0	
NTECAPGLGAQYPLQLNK	0	0	
NTEDSLLVSWEPSSQVNHYLLSYYPLGK	6	0	PE=2
NTFQLLHEILVIEDPIQAER	52	0	
NTIAVGVDPQEGK	18	0	
NTLGSGVTGAANVAK	1489	13	
NTLGSGVTGAVNVAK	0	0	
NTLSLAMLK	937	1	PE=2
NTLSNIAMRPGLEGYALPR	272	4	PE=2
NTLYHQMNSLRAEDTAVYYCAR	0	0	
NTLYLQINSLR	0	0	PE=2
NTLYLQMHSLR	505	1710	PE=2
NTLYLQMHSLRTEDTAVYYCAR	0	0	
NTLYLQMK	458	0	PE=2,PE=4
NTLYLQMKSLRAEGTAVYYCAR	0	0	
NTMGYLQWR	0	12	
NTMYLQMSNLK	13	0	
NTNSVPETAPAAIPETR	4312	100	PE=2
NTQEKFNLSQESSYIATQYSLRPR	31	0	
NTVEIFKFEEGENSLLHLK	469	0	PE=2
NTVLATWQPYSTSK	20	0	
NTVYLQMNSLR	2836	206	PE=2,PE=1
NVDCILLAR	1053	3	PE=2
NVFLPKPTWGNHTPIFR	0	0	
NVHFNYPSR	3	103	PE=2
NVHFNYPSRK	1	0	PE=2
NVIAETIKGQTGAILQNTVESLSK	0	0	
NVIEDLVPIEDIPDVHPDLQK	0	0	
NVSPVALPR	37	0	
NVVFIDMGHSAYQVSVCAFNK	265	7239	PE=2
NVVFIDMGHSAYQVSVCAFNKGK	5	0	PE=2
NVVYPLYQLGGPQLR	0	25	
NVVYSCNEGYSLIGNPVAR	0	0	
NWHNSVTACQEVR	0	0	
NWMVGGEGGASGR	1	5	
NYDPALHPFEVPREYVR	0	0	
NYGYIYVGTGEK	1	99	
NYHVEVLIPPSISKDDPLGEVGVK	0	0	
NYLQDENENR	0	0	
NYTSMYDK	0	0	
NYTSMYDKNNLLTNK	0	0	
PAGISPLSLSTEAR	0	0	
PAPGSTAPAAHGVTSAPESR	20	0	
PAPGSTAPPAHGVTSAPESR	7	0	
PAQASPSSSSSSSAPELLGGPSVFLFPPKPK	0	0	
PATPATPGAPTSPAEHR	0	0	
PCSCDPSGSIDECNVETGR	0	0	
PFESIDEGHVTHNWDEVDPDPNQLR	501	0	PE=2
PFVFLMIDQNTK	3756	0	PE=2
PGFFFEPTVFTGVEDHMFIAK	517	0	PE=2
PGGDGEGDPNHIER	124	0	PE=2
PGIPGGTASLLEPTSGALGLFQGSPAR	216	0	PE=2
PGIPGSTASLLEPTSGALGLFQGSPAR	0	0	
PGPALWPLPLSVK	5586	379	PE=2
PGPGPAAGAALPDQSFLWNVFQR	0	0	
PGQSPQLLIYEVSNR	434	22	PE=2
PGSSPTTVIYEDNQRPSGVPDR	555	179	PE=2,PE=1
PGVTSLTTAAAFKPVGSTGVIK	520	0	PE=2
PLLQAQGLTPSER	0	0	
PLPLPQGLR	0	0	
PLPTTEWLR	0	0	
PMSLGSWQSLALSSVVVDPSIR	0	0	
PQATQALESQEWTHQQR	0	0	
PQGPPQQGGHPCPPR	0	0	
PQGPPQQGGHPPPPQGRPQGPPQQGGHPCPPR	0	0	
PQSEESLDEEDKR	0	0	
PQVQIHVQSQTQPVSLANTQPR	0	0	
PRGSSVSQDSDSQGHSEDSER	0	0	
PRPESSQEPAALPK	0	0	
PSAEYWNSQK	238	17	PE=2,PE=1,PE=4
PSFHPVSDELVNYVNK	90	0	PE=2
PSFHPVSDELVNYVNKR	81	0	PE=2
PSQAAGDNQGDEVKEQTFSGGTSQDTK	158	0	PE=2
PTLLHLTHGK	0	0	
PVLIGNEPSLGVSQPR	19	0	
PWRPLPAQAQSAWEPAPAPATYR	0	0	
PYCNHPCYVAMFGPK	0	0	
QAADFALK	956	0	PE=2,PE=1
QAASFYCSK	484	2	PE=1
QADIVTFPEINLMNESTELHTQLAK	246	0	PE=2
QAELVPATVNDYK	0	0	
QAEVVDTEWEKLNLHSADWQR	0	0	
QAFITAQNHGYALDNALPAGWK	4358	5	PE=2
QAFMGEQEKLDVHEK	0	0	
QAGKLEQALR	0	0	
QAIDDDCNQTGQMTAGFLDWPQGTFASQVMLEGDKLKVER	0	0	
QAIDEYEK	22	0	PE=2
QALDNMFSNK	0	0	
QALLQAQLEEQLQDK	0	0	
QALPAEAAILTLAPHSSYFDAIPVTMTMSSIVMK	0	0	
QALSALEEAGAPAPGRPSPATAPVPSSQPK	0	0	
QAPAEDQVAASPLEPPVPR	0	0	
QAPDQDPGGPR	0	0	
QAPGQGLEWMGR	9966	406	PE=2
QASMEDIPGRGHKYR	0	0	
QATSDVQESTQESATVEK	2	0	
QCDNPAPQNGGASCPGR	4	0	
QCDNPAPQNGGASCPGRK	0	0	
QCLQLSTVPGAEPQR	0	0	
QCQQLQTAIAEVEQR	0	0	
QDALVCFLHWEVVTHGYCGLGVGDQPGPNDK	0	0	
QDIQSDGFSIETCK	678	0	PE=2
QDLSILVAK	9	0	
QDSDALPSPELLPQDQDKPFLR	109	0	PE=2
QEDKDLEAAMLSK	0	0	
QEEDMAVVQR	0	0	
QEEEKQILKQDFETLSQETK	0	0	
QEEIISILEEK	0	0	
QEELESTVAR	4	0	
QEELGAMVDK	0	627	
QEGQYLRPGEDER	0	0	
QEIFHQFVSLSTSGGK	0	0	
QEILQEFTLHNHVR	0	0	PE=3
QELPSALESHEVPGTLSMGVPQIFK	876	0	
QEMECCLNNILK	0	0	
QEVPMCTDSEPR	38	36	PE=2
QEVPMCTGPEPR	15	0	PE=2
QEVPTCSDPEPR	45	0	PE=2
QEYFVVASTLQDIIR	1472	0	PE=2
QFCVPGFKNNKGVAEVLR	32	97	PE=3
QFEESQGR	158	213	PE=2
QFEESQGRTSSK	23	0	PE=2
QFFSHVIADTIK	5	0	PE=2
QFLFDSLLK	0	0	
QFRFDPQFALTNIAVTK	6	0	PE=2,PE=3,PE=4
QGAACNVLFINSVDMESLTGPQAISK	1435	73	PE=2
QGCGEDKICQSNLQLVHAR	0	2	
QGGPPGPTRPLTSSSAKLPK	0	0	
QGHVEQCECLGGR	487	4	
QGISNWLGNMLQFLR	0	0	
QGPYFEQPLQWK	0	1	
QGSHYEQSVDRSGHSGSHHSHTTSQGRSDASHGQSGSR	0	0	
QGSSVSQDSDSQGHSEDSERR	9	0	PE=2
QGSTTDNACHLFAELDPNQPASAIVSFVSK	0	0	
QGTLTEYCGTLMSLPTK	208	726	PE=2,PE=5
QGTSGGVNTSSEQIATLTGFPDFR	0	0	
QGYQLLEGNQVLHSFTAVCQDDGTWHR	0	0	
QHEDQSMTGHLQEELEEK	0	0	
QHMAQMEEIK	0	0	
QHNEDILQYK	0	0	
QHNEDILQYKR	0	0	
QHVGSSTEFMEAWR	0	237	
QIAFPSGTPLHANSMVSENVIQSTAVTTVSSGTK	0	0	
QIDQFASEVER	0	0	
QIEELRNQIK	0	0	
QIEELRNQIKDAQLQNAR	0	0	
QILKQDFETLSQETK	1	0	
QILLSADHIIIATGGR	0	0	
QIMGTYLVR	0	0	
QINDLKSQNDALNEK	0	0	
QIQEAYEK	0	0	
QITLHALSLVGEK	623	1	PE=2
QIVGYAIGTQQATPGPAYSGR	0	0	
QKGCEENLDEAR	5	0	
QKLQEQQQQMEAQVK	30	0	PE=2
QKLTAEFEEAQTSACLLQEELEK	240	0	PE=2
QKLTAEFEEAQTSACLLQEELEKLR	261	0	PE=2
QKLYEPVVIPVGR	5	0	
QLAAGWGPCEVLLSNALSR	0	0	
QLELPEQQEGQLK	377	0	PE=2
QLGCGWAVQALPGLHFMPGR	70	0	PE=2
QLGIPQTTVFTPVAR	0	0	PE=2
QLGQDLLNSYTENEGK	1	0	
QLGSAPPGPFAWPLIGNAAAVGQAAHLSFAR	0	0	
QLIVPNEK	827	1015	PE=2
QLLGFPCVEVSGLSTER	0	0	
QLLQENEVQFLDKGDENTVVDLGSK	2	0	
QLLQENEVQFLDKGDENTVVDLGSKR	0	0	
QLQDAQILHSVAIDSGFR	0	0	
QLQEETPSGGPLTEALPPAR	9	0	
QLQEETPSGGPLTEALPPARK	0	0	
QLQEMLGLSKVPVTQATR	102	446	PE=2
QLQIFDPR	306	0	PE=2
QLQSLTCNLESLR	2	0	
QLQSLTCNLESLRGTNESLER	0	0	
QLTLQHHMGSADLNATFYGPIKK	88	0	PE=2
QLVASVSCAELEGQIAK	0	0	
QMAQPFHREDQLGLSLLSLEQLESEETLQR	65	0	PE=2
QMPSGPTKPSEGPAK	448	0	PE=2
QNADQQDTEAMPDYKK	162	0	PE=2
QNPATQNVPR	1034	0	PE=2
QNPGLAYGNPYSGIQESSSASPLSIKK	14	0	
QNQEVEKENSHFFVATFAR	26	0	
QNTGTWESNANVK	0	0	
QPAGKGLEWIGR	26	36	PE=2,PE=1
QPFCDGSHFFQCTGLSPLK	0	0	
QPPLLLAALQAPTQILK	0	0	
QPSNLPGTVAVHIISSTSLMAV	0	0	
QPTGFSLNNPMYVR	0	0	
QQCVKLNDGHFMPVLGFGTYAPPEVPR	0	0	
QQDVAQFADFQEVLTTR	0	0	
QQEGCFGEPDAEDEESSK	7	0	
QQHEGAQGALDSGEPPLCR	49	0	
QQHEGAQGTLDSGEPPQCR	2526	3	PE=2
QQHMVQGESETADVSPNNMQV	0	0	
QQIQAGLELAQAHK	0	0	
QQPNPGSELCYK	0	0	
QQQDYWLMDVR	985	0	PE=2
QQQMVVAHHYSFAPDGEAR	0	0	
QQQQQQQQVAR	0	0	
QQSAPEVAVNGHR	52	0	PE=2
QQVSVSSTDSLDEDRIDEPDGLGPRR	0	0	PE=2
QRAQEALLQLSQALSLMETVK	3	4	
QRVQEALLQLSQALSLMETVK	0	0	
QSAAELDLVLQR	47	3	
QSGGSSQAGAVTVSDVQELMR	121	11	
QSGPGAPNLDCFYQQVTK	0	0	
QSVQAGELLFVVPR	0	0	
QTAASAGLVDAPAAAPAAAR	0	0	
QTATLTCTGNSNNVGNQGAAWLQQHQGHPPK	502	0	PE=2
QTEDSLASERNR	0	0	
QTEHSPEDAACGPGHICSER	7	0	
QTFIDNTDSVVK	988	6	PE=2
QTGQAYYVILLNR	17	0	
QTIPHYYLSINVNMGEVLLVR	337	0	PE=2
QTLEKENTDLAGELR	1	0	
QTLPVTLR	0	0	
QTMQSLNDR	0	0	
QTVQVDEHARPQTTLEQLQK	11	0	
QTWTDEGSVSEQMLR	179	0	PE=2
QVEILNRHPHFK	0	0	
QVFYGEEEQLK	0	0	
QVGDFHQVIIR	1986	2	PE=2
QVGEIQSQEGK	0	0	
QVIITILDQEPDVQNR	0	0	
QVMQQRSEDNAQHK	0	0	
QVPELPVIR	0	0	
QVPGFGAADALGNR	244	13	
QVQGGLTVFGMGQPSLLGFR	1	0	
QVTSSGVSYGGTVSLQDAVTR	303	0	PE=2
QVTSTASTFVKPIFSR	74	0	
QVVSAVTALVEAAER	230	69	
QVVVEGQEPAKFWMALGGK	0	0	
QWECDGENDCHDQSDEAPKNPHCTSPEHK	164	9	PE=2
QWMQNPNNNPIHPNLR	1	0	
QYDQFGNDKSQAAR	0	0	
QYNIVGLPTNIDFLLNLSGHPEFEAGNVHTDFIPQHHK	914	0	PE=2
QYWEALGAPEALR	329	0	PE=2
RAEVLGHKTPELAPR	10	0	
RAKPEGALHNNDGLYDPDCDESGLFK	0	0	
RANGEAPSALPYCYFLQK	0	0	
RAPVCGDDGVTYENDCVMGR	0	56	
RAPYPNYDRDILTIDISR	13	0	
RAQQEQLLLQQQLQQQQQQPPSQLCTAPASSHER	298	34	PE=2
RASAILPGVPGSETLSNEVFQESEEEKQPEVPSSLAK	0	0	
RASLAPLQAEHSQPHEK	116	0	PE=2
RASQSLDGTYQGGGVCIDCQHHTAGVNCER	0	0	
RATVEQEMELR	0	0	
RAVPPNNSNAAEDDLPTVELQGLVPR	326	0	PE=2
RCDAEAPEDQCTVTR	1	0	
RDAEEWFHAK	726	4	PE=2,PE=1
RDDDGTLHAACQVQPSATLDAAQPR	87	0	
RDELEEGAPSEAMLR	52	0	PE=2
RDFHFVYRPLDGGGGGGGSPPCLVVR	30	0	PE=2
RDITYQYKYPEGSSEER	0	0	
RDTVNPLYDETLRYEIPESLLAQR	36	0	PE=2
RDVEQLEQLIESHDVAFLLMDTR	1	0	PE=2
RDYEAIGIQVLLAQCNPSVR	0	4	
RECDNPAPQNGGASCLGR	3	0	
REEMEQLFHDDQGSVTR	0	0	
RENPAEPGAVTGSATVTAFWR	0	0	
REPGYTPPGAGNQNPPGMHPVTGPK	3	0	
REVGTSDKEILTSR	0	0	
RFCGEHAGAMEEEDAR	4	0	PE=2
RFQEALQTIFNR	0	0	
RFQTIDIEPDIETLLSQGPSCA	0	0	
RFVVDVWR	0	0	
RGAPAGAGSGTQTGTGTGAR	357	0	PE=2,PE=1
RGDIFYTSK	0	0	
RGEESPGHFLVAATGTAAGGGGGLILASPK	132	37	PE=1
RGEEWNPQKAEEK	0	0	
RGEWKDLIATLAK	1	0	PE=2
RGHVFLQTDQPIYNPGQR	1888	0	PE=2
RGKSQQQQQQQQQQQQQQQQQQPMPR	0	0	
RGLIEVKTDEFPR	7	0	PE=2
RGLVQDETELEDENQEGMTVHSSVHSNNLNSMPAAEK	0	0	
RGPGGAWAAEVISDAR	11938	105	
RGPGGVWAAEAISDAR	8459	69	PE=1
RGPGGVWAAEAISDARENIQR	934	0	PE=1
RGPGPGSAVACSAASSSRPDK	0	0	
RGQSEADSDKNATILELR	0	0	
RIGQPTLLLYVDAGPQTMTQR	0	0	
RIIESYFR	0	0	
RIQQHLGEEASPR	38	0	
RLAAETGEGEGEPLSR	0	12	
RLAAQESSEAEDMSIPR	12	0	PE=2
RLEDSSQQLGDQEPLGSPLAPGPLAQSVNSNKEEL	0	0	
RLEELDLGNNEICNLPESIGALLHLK	0	0	
RLEQNLSGEEHVQELLK	272	0	PE=2
RLEQNLSGEEHVQELLKEK	11	0	PE=2
RLGSANGQAEDGGSSTGPPR	405	2	PE=4
RLLSDLLPPSTGTFQEAQSR	67	0	
RLNEGSSAMANGVEEKEPEAPEM	4997	0	PE=2
RLPDGQLQVTWEDR	488	0	PE=2
RLSGLIYEETR	0	0	
RLTAIIEEAEEAPGARPQLQDTWR	0	0	
RLVVQQAGQADAGEYSCEAGSQR	0	0	
RLVVQQAGQADAGEYSCK	0	0	
RMDSLNWDQPISSTQESGR	14	0	PE=4
RNGQGDAPPTPPPTPVDLELEWVLGK	314	0	PE=2
RNTNSVPETAPAAIPETR	1613	1	PE=2
RPALNYPVYGEMTQVR	1	0	
RPGGVPEKPHSR	0	0	
RPGSSVSQDSDSEGHSEDSER	0	0	
RPHPEDGDEQSLEGVSSSGDSAGLEAGQGPGADEPGLSR	0	0	
RPLMVLGSQALLTPTSANK	0	0	
RPPGPASQSLWGNPTR	107	0	PE=2,PE=4
RPPPASAPAPQPAPQPAPTPSVGSSFFSSLSQAVK	0	0	
RQCDNPAPQNGGASCPGR	0	0	
RQDIQSDGFSIETCK	1366	0	PE=2
RQEILEEEGEGQEPPLEAER	0	0	PE=2
RQESSSSLEMPSGVALEEGAHMLR	0	0	
RQGSSVSQDSDSQGHSEDSER	13	0	PE=2
RQTFIDNTDSVVK	294	0	PE=2
RRECDNPAPQNGGASCLGR	0	0	
RSGASGASAAPAASAAAALAPSATR	350	4	PE=1
RSIEDCVQEEAR	4	0	PE=3
RSPEAPQPVLAMEEPAVPAPLPK	0	0	
RSPESLPAGPGAAALEGGTLR	0	0	
RSTSDCGGPKDHPLTCDHPQLSGLFL	0	0	
RSVSSFPVPQDNVDAHPGSGK	15	0	PE=2,PE=4
RTFEYEAEK	0	0	
RTFEYEAEKNPK	0	0	
RTLPTQGIDDFLK	27	0	PE=2
RTPDGFDSVPLKTSSGGPDMDL	52	8	PE=2
RTSDPALCPLIVSAAADSAVR	22	0	
RTTRLQQQHSEQPPLQPSPVTTR	0	0	
RTVALQEGLRR	0	0	
RVALEELENKPR	430	0	PE=2
RVFQGLEIELQSQLSMK	0	10	
RVHLAPPPTWEGYDPSWN	96	0	PE=2
RVYGDIIYTPAK	573	4	PE=2
RVYGDIIYTPAKDR	7	0	PE=2
RWIQPEPR	0	0	PE=2
RWLLLCNPGLANTIVEK	538	0	PE=2
RYEVPLETPR	2498	15666	PE=2
SAAEIVQEIENIEK	699	2	PE=2
SAGGGTYYADSVK	0	0	
SAGGRPGSGPQLGSGR	0	0	
SAGILILPIMSR	0	0	
SAGVLLLVVDPCNVPFR	0	0	
SALENSEEHSAR	52	0	PE=2
SALGNLAGDNSLGLEPLR	0	0	
SALSGHLETLILGLLK	346	12	
SALSGHLETLILGLLKTPAQYDASELKASMK	0	0	
SAMSEIEGIQSLICRR	11	0	PE=4
SAPATSRPGSAPTPGAPGEADLR	0	0	
SATSLESESDNNSCR	9	0	
SAVDEDRKMYIQAAIVR	0	0	
SAVEAQNEVTENPKQEIAAESSENVDCLENPK	0	0	
SAVQGPPDR	4446	238	PE=2
SAVQGPPDRDLCGCYSVSSVLPGCAEPWNHGK	13341	192	PE=2
SAVQGPPDRDLCGCYSVSSVLSGCAEPWNHGK	0	0	
SCATEEQYKGTER	0	0	
SCCSCCPVDCAK	0	0	
SCGSSTPDEFPTDIPGTKGNFR	0	0	
SDASSDQGPASPQK	0	0	
SDFVSESEEAACR	67	18	PE=2
SDIIIIAIHR	3	0	
SDINVTVLIGCK	0	0	
SDITVVVFFIMPAK	12	0	
SDLSLIQQQQQQQQQQQQQQQQK	0	0	
SDNPVVPSLFK	0	0	
SDPLCILLQDVGGGSWAELGR	0	0	
SDPLKDDPHVSSNVTSNDR	3	0	PE=2,PE=1
SDPVTLNVLYGPDGPTISPSK	4214	2122	
SDSELNNEVAAR	56	10	
SEALPTDLPTPSAPDLTEPK	151	150	
SEDCAADLQLR	0	26	
SEDELRPEIDEHTQK	118	9	PE=2
SEDGTPAEDGTPAATGGSQPPSLGR	41	0	
SEDVQSIEVQVK	0	0	
SEDYEQAAAHIHR	1034	69	PE=2
SEEEKDQQKQQMFENK	0	0	
SEEPLKTDSSASNNNSELK	4	0	
SEGALQVLYGEVGSLDGTPQTR	39	0	PE=2
SEGLPSDDLSIENALVIIQSR	0	0	
SEKEDLTNELQK	0	0	
SEKETVIVEEQTEK	0	0	
SELPLDPLPLPTEEGNPLLK	1946	3	PE=2
SEMSCIDGEK	0	0	
SENYSLTDFWAYMVVSK	0	0	
SEQVHGVINLGNSLIER	8	0	
SESGNWHCTASWK	0	0	
SETAPAAPAAAPPAEKVPVKK	0	0	
SETVPAASASAGLAAMEK	187	0	PE=2
SEYSSGMEADVAK	962	0	PE=2
SFFSLTEIIR	154	0	PE=4,PE=1
SFFSLTEIVR	31	0	PE=4
SFGQSSTLFQHQK	0	0	
SFNGFSSAQKNQEQLLTLASILR	0	0	
SFQGPVLIGSSHGGVNIEDVAAETPEAIIK	4526	4	PE=2,PE=3
SFQGPVLIGSSHGGVNIEDVAAETPEAIIKEPIDIEEGIK	918	1	PE=2,PE=3
SFSGLLTMYQR	0	0	
SFTFVQAGQDLEENMDEDVSEK	6	0	
SGAHSFISGLPQGYDTEVGEAGSQLSGGQQQAVALAR	53	0	PE=3
SGAHSFISGLPQGYDTEVGEAGSQLSGGQR	702	0	PE=2,PE=3
SGASGASAAPAASAAAALAPSATR	1608	58	PE=1
SGASGASAAPAASAAAALAPSATRTR	2	3	PE=1
SGCTPCSCDPR	0	16	
SGDRGETGPAGPTGPVGPVGAR	1620	22726	
SGGLSVEMCGPALSQQWK	255	0	PE=2
SGGSAGGLAEGAGVLAPPPPPPQIK	0	0	
SGGTLVLVGLGSEMTTVPLLHAAIR	9071	32	PE=2
SGHIQILLR	838	0	PE=2
SGLGPVDLALLGLSAER	110	0	PE=2
SGLITSQYFYELQENLEK	101	0	PE=2
SGMEPQVALPSPWPGEGR	0	0	
SGNGEGTPVEHVR	0	0	
SGPYVPQCDAFGSWEPVQCHAGTGHCWCVDEK	0	0	
SGSLIDAIGLHWDVYPTSCSR	19	6	
SGTPQLSLPFAAR	780	3	PE=2
SGYFLSISDSQCLLNNALPVK	0	0	
SHIYFWTLDGGSLSK	207	0	PE=2
SHPEVSIEHLGQVVQCSHEEGLVCR	1005	0	PE=2,PE=4
SHSAHFFEFLTKELALGQNR	0	0	
SHTGERPYECEECGK	0	0	
SHTLELSEALR	0	0	
SIAATDHEPTDAR	27	3669	
SIAATDHEPTDARK	5	3406	
SIDPGLKEDTLEFLIK	906	4	PE=2
SIEASVDVSPPKVEADVSLPSMQGDLK	0	0	
SIHQPDPTAVEQISLESVDMDSPVNMK	0	0	
SIHTVLTF	0	0	
SIIMCRVSLLDGTDVSVDLPK	0	0	
SILDADPEAQALLEISGHLR	4	0	
SILTSTTTVEHAPIWRPGTEQSSGSSGSSGGGGGSSSR	109	0	PE=2
SIQASVDVSALK	7	0	
SISIIDSPGILSGEK	6	9839	
SKANGGTTDYAAPVK	1	1351	
SKDASTSPPNRETIGSAQCK	51	0	PE=2
SKDVINFAAEK	0	0	
SKLEDNIRR	201	0	PE=2,PE=3
SKLPAAIEQLIVPHLAK	0	0	
SKSEMSCIDGEK	0	9	
SKSTGDPWLDGSYLDGTGFAR	0	0	
SKTTEIIHSTLNPTWDQTIIFDEVEIFGEPQTVLQNPPK	0	0	
SLADYRTEDSNAGNSGGNVLAPDSTK	0	0	
SLCACSDDCKDQGDCCINYSSVCQGEK	2	0	
SLDFGDVPIDSDVHVSSTR	288	0	PE=2
SLDFNTLVDNLSVDPETGDLWVGCHPNGMK	0	0	
SLDPALSMLIK	0	0	
SLDPMVYMNDTSPLTPEK	245	0	PE=2
SLDVLGWEER	385	0	PE=2
SLDVLGWEERQLALVK	1	0	PE=2
SLEENLATAKHNLLR	0	0	
SLEHSEGPVGRDPAGPPDGGPDTEPRAAQGK	0	0	
SLEICHPQQR	0	0	
SLENCLLDLR	0	0	
SLEVLVADLVNAQKDSMPDESSQTSLQK	1	0	PE=2
SLGNIIMVCR	5708	0	PE=2
SLKEESIEAVK	8	0	
SLKVELTEDKIDYTK	0	0	
SLKYNPVVINFEMQPIHEVLR	0	0	
SLLEGQDAR	40	162	
SLLGKEGEKLYTPSGNIVPR	1	0	PE=2
SLNDITAR	16	0	
SLPEETVDFMVQHTSFK	6073	0	PE=2
SLQAEPWFFGAIR	564	14	PE=2
SLQSPQEQIILAPSLAK	21	0	PE=2
SLSETCLPNGINGIKDAR	11	0	PE=2
SLSSAINASTGDYLLESVNKLFGEK	24	0	PE=2
SLTSLVLYGNKITEIAK	0	0	
SLVQESLSTNSSDLVAPSPDAFR	110	36	
SMDSYLNQSYGMNNHSGGGGGSR	0	0	
SMGSKEDLIWELLNQAQEHFGK	14202	0	PE=2
SMGSKEDLIWELLNQAQEHFGKDK	2868	0	PE=2
SMIYKDILLLGNNYVIHR	1	0	PE=2
SMKLPQEQSQLPNPSEASTTFPESHLR	520	0	
SMPESLDSPTSGRPGVTSLTTAAAFK	1629	0	PE=2
SMPESLDSPTSGRPGVTSLTTAAAFKPVGSTGVIK	5122	24	PE=2
SMPIPIPK	0	37	
SMPVFLDPADIAALEGISWR	0	0	
SMQDVVEDFKNKYEDEINR	0	0	
SMSMDETDKSPCEAGR	0	0	
SMSRNPFAHVR	1	0	PE=2
SMTSELEELDKPEEIVPASKPSR	320	731	PE=1
SNFLVVCYLHDVK	11	0	
SNGAYNIFANDRESIENLAK	1960	5255	PE=2
SNGGNLLCAVDESNDHMFSVWDWAK	0	0	
SNGPSAALVTASTPSALPTGEK	0	0	
SNKGESPVEPAEPCR	32	0	
SNKPVTIISVISHPSDVMEIR	3	0	PE=2
SNNIFQVGECR	0	0	
SNPNWILPDSVDWR	1	0	
SNSAWQLYLQR	0	0	
SNSKPADGPSDSKSPDHSPTEQDDR	0	0	
SNTIQSGPEGSLVNSQSLK	186	48	
SPADPTDLGGQTSPR	3033	31	PE=2
SPADPTDLGGQTSPRR	252	5	PE=2
SPAINLMGFNVEEMCEAHAWIQR	242	0	PE=2
SPDATLSPATTTSSGVSK	0	0	
SPDHSPTEQDDRTPGR	0	0	
SPEAPQPVLAMEEPAVPAPLPK	0	0	
SPGFPEKYPNSLECTYIVFAPK	3360	3	PE=2
SPHSSTGVKVLAFLSLAEVGQVAGPGPQR	0	50	PE=2
SPISTGQPTNQSMDDTREDIYVNYPTFSR	0	0	
SPLGPHHETAQQLEVLEQQSTSLGQDAR	21	0	
SPLPWQYR	377	0	PE=2
SPMVPLPMPK	42	15460	
SPPDISHGVVAHMSDSYQYGEEVTYK	1207	0	
SPPGAAAPAAAKPPPLSAK	0	19	
SPPVGSGPASGVEPTSFPVESEAR	1223	0	PE=2
SPQKSTVLSNGEAAMQSSNSESK	4	0	
SPSSSSVGGRRDELEEGAPSEAMLR	2	0	PE=2
SPSVVLSEPSQESK	0	0	
SPVLHFYVRPSGHEGAASGHTR	672	0	PE=2
SQDCEILGESK	0	0	
SQDKDVSEGETSDGVR	0	0	
SQDNVEAPSKK	0	0	
SQEAEQKDVIQER	4	0	PE=2
SQENKGEDAPLDQGSGAILASTFSNSGSYFALTDDSKR	0	0	
SQEVVETMCPVPAAATSNVHTVK	0	0	
SQFLEEGIGGTIPHVSPER	426	3	PE=2
SQGAANTTSGENFDQSPLKR	0	0	
SQMTEPGPEVK	2	3	
SQNKEDYDGLK	0	0	
SQNKEDYDGLKEEFR	42	0	
SQPAASTLESESVQR	140	0	
SQQQQQQQQQQQQQQQQQQPMPR	0	0	
SQQTIPQLHSTVHLIEFAR	0	0	
SQREDEEEEEGENYQKGEQGEDSSEEK	60	0	PE=2
SQRPHQGVDVLCSAGSTVYAPFTGMIVGQEKPYQNK	0	0	
SQVIAEKEPEPDLMSPTR	0	0	
SQVIEKFEALDIEKAEHMETNAVGPSQSSDTR	56	0	PE=2
SQVMDEAMALQLR	0	0	
SRGPGAPCQNVDECAR	0	0	
SRIMQDQSEGNSLQNQALQTLQER	16	0	PE=2
SRLETMNQCWESVLQK	0	6437	
SRNWEDVEESSK	0	0	
SRPPGCYTCADCGLNLK	0	0	
SRPSFHPVSDELVNCVNKR	0	0	
SRPSFHPVSDELVNYVNK	334	0	PE=2
SRPSFHPVSDELVNYVNKR	164	0	PE=2
SSAIKLEVYPTSLTKNDLEDSLLK	10	0	PE=4
SSDSELNENEPHLPHGVSQR	443	0	PE=2
SSELMDVATVQDVLR	0	0	
SSESDHFSCVQLR	0	0	
SSESSPNHSLHNEVADDSHLEK	24	0	
SSFGLQVLNVHFGGER	2	0	
SSFYSLTSSNVSK	24	9	
SSHGSGKPQEVPQSVTATAASK	0	0	
SSKPSDMSVQVCGYISK	147	0	PE=2
SSLEERHGDANWGEDLR	21	0	PE=2
SSLWEAPR	249	4	PE=2
SSMSPTTNVLLSPLSVATALSALSLGAEQRTESIIHR	10	0	
SSNTYTLMDVR	473	0	PE=2
SSPGDSPSAVSSNLSPSASPTSSR	0	0	
SSPSSVTNSSYDGESDSQHHLSCEPVFQTNR	0	0	
SSPTTSEGTSMPTSTPSEGSTR	0	0	
SSPVFQIPKNDNIPEQDSLGLSNLQK	0	0	
SSQALAFESSAGIFVGNAGATGLER	57	0	
SSQALVASLR	0	0	
SSQESGEEAGSQENHPQESK	512	0	PE=2
SSQESGEEAGSQENHPQESKGQPR	184	0	PE=2
SSQFGIIGNDR	0	0	
SSQSLLHSNGYNYLNWYLQK	0	0	
SSQSLVHSDGNTYLNWFQQRPGQSPR	1267	0	PE=2
SSQSVLYR	599	0	PE=2
SSRDQALAEHCLAALTECAASGDGNILALAVDASR	0	0	
SSSFSHRSELLHGDLASLGAAALQPQPAAPPQTASPR	0	0	
SSSFSHRSELLHGDLASLGAAAPPQTASPR	0	0	
SSSKDSRPSQAAGDNQGDEVK	98	0	PE=2
SSSQYIESFWQSSQSQNFTAHDKQR	0	0	
SSSSYHTWNTGTEGSFVER	0	0	
SSSYSGEYGSGGGK	310	8	
SSTGPEPPAPTLLLAER	0	0	
SSTTSAVTTSTTSGPETTPR	0	0	PE=4
SSVSEQFDHLSSHLYLR	0	0	
STCNVVHDEFLDIPCTNR	2	0	PE=2,PE=4
STDTSCVNPPTVQNAYIVSR	0	74	
STEGDTVIPVLGFVDSSGIK	0	0	
STEGMDIVMDNLK	0	0	
STESLQTNVQR	238	11	
STESLQTNVQRLK	0	0	
STFQSVVSESPQEDSAGDTSGAEMTSGVSR	1356	1	
STGQLNMNPGTTSSNTATAER	1	0	
STHGLAILGPENPKIAKDPSWIIR	13	0	PE=2
STHNLQVAALDANGIIVEGPVPITIEVK	1339	1	PE=2
STHSLAILGPENPK	0	0	
STKGGSDSSLSEPGPGQSGR	1	0	PE=2
STQMESTCVSASLPR	0	0	
STSDCGGPKDHPLTCDHPQLSGLFL	0	0	
STSFRGGMGSGGLATGIAAGLAGMGGIQNEK	0	0	
STTELDDYSTNKNGNNKYLDQIGNTTSSQR	0	0	
STTQELMEDDCVKR	0	0	
STTTGPEAAPKPSAK	0	2196	
STVLSNGEAAMQSSNSESK	86	0	
STVLSNGEAAMQSSNSESKK	1	0	
SVDALDDLTPPSTAESGSRSPTSNGGRR	28	0	PE=2
SVDLDLLCGHYNNDGNSPSFGLLR	2	0	
SVEDVRPHHTDANNQSACFEAPDQKTLSTPQEER	6	0	PE=2
SVFKPFIFGVGVAQAPQVLSPTFGAQDPVR	47	43	
SVFKPFIFGVGVAQAPQVLSPTFGAQDPVRTLPR	0	0	
SVGGSEHPPQWSPNGVLLSPEDEEELTAPGK	2	0	
SVGGSEHSPQWSPNGVLLSPEDEEELTAPGK	0	0	
SVHWYQQKPGQAPVLVIYYDSDRPSGIPER	239	0	PE=2
SVKHDPIPAADTFEDLSDVEGGGSEPTQR	0	0	
SVLRPSQFGGQPCTEPLVAFQPCIPSK	4177	0	PE=2
SVLSIQQQHTNPGAFGK	308	0	PE=2
SVLTGTKDTVSTGLTGAVNLAK	36	0	PE=2
SVMDTTQIAGLNCLR	186	0	PE=2
SVQELKKYFELEPLAR	6	23	
SVQWCTVSQPEATK	2552	140	PE=2,PE=3
SVSFEQAVQILQDDVACDIIK	416	0	PE=2
SVSSFPVPQDNVDAHPGSGK	615	0	PE=2,PE=4
SVVIEEVGGGDPGEEAAK	0	0	
SVVSDVPEELDFLVPK	1	0	
SWDSSSPVDHPEPEAASPTTR	102	0	
SWTAADTAAQISQR	1364	163	PE=2,PE=3,PE=1
SWYSTHSIVGDK	0	0	
SYCFTASKPDGSIR	1	0	
SYEQHNGVDGLANHGQTR	0	1098	
SYGGPCGTAPVWGTPPSYGGGCR	0	0	
SYGLLVVPEPAGCTPELPGEIIK	0	0	
SYHYTDSLLQRENEWNLFSR	0	0	
SYIEVSHGLGHVPQQNGFSGASETANIQR	3907	0	PE=2
SYNRFQTATVTEK	0	0	
SYPASDHTTPLSR	748	1	PE=2
SYSYSYSNGPGPFYDK	24	0	
TAASGVEASSRPLDHAQPPSSLVIDK	27	0	
TAASGVEASSRPLDHAQPPSSLVIDKESEVYK	57	0	
TADGEFMAVGAIEPHFYELLIK	3	0	
TAGFVKPFTEAQLLCTQAGGQLATPR	0	0	
TAHDSNVLHIAR	49	0	PE=2
TALALLDHPSEYAAR	254	0	PE=2
TALDAFGRIDVVVNNAGILRDHSFAR	4	0	PE=2
TAMVATVSPAANNYDETLSTLR	0	0	
TAQAIKDFNR	3	22	PE=2
TAQILNLQQHLSTLEK	259	0	PE=2
TAVEKLSWAEAGSQTAAGAMER	0	0	
TAVGSNPDTPHFPR	9	0	PE=2
TAYILQAVESAWEGVHR	5	0	
TCAGESKDYALHAGDGSSDPEVLLNIENQR	0	0	
TCDLPSCPGTEDKDTLGLPSEEWELLAR	0	0	
TCGLCGDFNGMPVVR	0	0	
TCSFDFTGAVEDISK	66	0	
TCSLSYVAGAPQYK	0	0	
TCSNDVVDYFKR	0	6	
TDFGDTEEEVKGPEK	0	0	
TDLSTTNLFSEEVETD	0	0	
TDPPRTHMTHHAVSDHEATLR	11	0	PE=3
TDPQTGKVHVSGAR	5	0	PE=2
TDQALVGSLVSSTCGVCGK	0	0	
TEALNHHNLLICSVTDFYPSQIK	207	0	PE=4,PE=2,PE=1
TEASTELAGTVAHELQGVHQGEFGSEK	0	0	
TEASTELAGTVAHELQGVHQGEFGSEKK	0	0	
TEDSNAGNSGGNVLAPDSTK	10	0	
TEDSNAGNSGGNVLAPDSTKGSLKQNR	0	0	
TEEAILISLAALQPGLTQAGAR	72	0	
TEEELKELQAEQQSQEVAGR	0	0	
TEEELKELQAER	0	0	
TEESKAAAPAPVSEAVSR	29	0	PE=2
TEETATEMLTSELQTQAHMIK	0	0	
TEGDSSATAIFPQTHK	2108	0	
TEITGATTMTSVGHQSMTPGEK	0	0	
TEITGATTVTSVGHQSMTPGEK	2	0	PE=2
TEPADMNESCK	388	0	PE=2
TESLTPHCALENRPLTR	0	0	
TESSGIETESTVHHLPLSTEK	0	0	
TEVPLAENQSGPDCAASLK	0	0	
TEVPLAENQSGPDCAASLKEETGPSYQR	0	0	
TEVPLAENQSGPDCAGSLK	0	0	
TEVPLAENQSGPDCAGSLKEETGPSYQR	0	0	
TEYLCENALEGK	0	0	
TFAEAAGSGETLSVNQLVTFLQHQQR	448	0	PE=2
TFEDSEDSCR	1	0	
TFEYEAEKNPK	0	0	
TFKPALQELKPPTYK	0	0	
TFLNVVKNEGITALYSGLKPTMIR	40	0	PE=2
TFQALEIDLQAQYSTK	176	0	PE=2
TFVGEPQRLGSETCLPQHIR	0	0	
TGCSLTGASVDSTLAFNTYVHFQGK	50387	8	PE=2
TGDEGKAGNPETVPTTPGPAADPATPETPAPAAR	0	0	
TGEVVLTQSPGTLSLSPGER	0	0	
TGFSFPAQEPR	0	0	
TGLVEPVNMVDNGDGTHTVTYTPSQEGPYMVSVK	0	0	
TGQEMIEGGHCASDNVTTR	0	0	
TGQTILPSLNEVNHSYLSEK	0	0	
THNEDHEEEDLKPNPDLEVGK	0	0	
THPDQFDLWYTLDRPPIGWK	637	0	PE=2
THPVEVFEPGAEHIVR	1647	2	PE=2
THTAQDRPPAEGDDRFSESILTYVAHTSALTYPPGPR	7	0	PE=2
TIEGSSPADNRYSEYTEEFSK	0	0	
TIHDAFCVFEQNQGLPLR	0	3	
TIHDAFCVFEQNQGLPLRR	0	0	
TILTLTGVSTLGNVKNNQESDCVSK	0	0	
TISAVGEQLLPTVK	0	0	
TISEGNPSPR	0	3	
TISPAESTALFQGR	89	0	
TKAAAAAAAAAPAAAATAATTAATTAATAAQ	23	1	
TKIEGLDIHFIHVKPPQLPAGR	10	6	
TKLEDYANLK	0	0	
TLAASGSQPSNGPEPGGQQLK	17	0	PE=2
TLACVCALLVWHPAGPGEK	131	0	PE=1
TLADHLGMIAGGTGITPMWQLIR	0	0	
TLDAFPAEK	7	0	
TLDAFPAEKESEWK	0	0	
TLDIPGNSDPNMIPDGDFNSYVR	1014	0	PE=4
TLDLGKNQLETLPPDLLR	0	0	
TLDPFETMLK	58	120	
TLDPNSPQDFIDSFLIR	0	0	
TLEGLQVEEEPVYK	84	0	
TLEKHADKEDLVILFTDSYDVLFASGPR	0	0	
TLFDTSIGPLVYSDQYLQISAR	0	0	
TLHEVSLQESIR	2863	2430	PE=2
TLHQGMAEVYNFDFITMKPILK	4	0	
TLINESLNFK	0	0	
TLISITQAKPESESSFLCASSDGMLWNLAK	0	0	
TLLLDVPPGVEK	0	0	
TLLNTGLEK	58	0	PE=2
TLLPEDTQKLDNFLGEVR	2	4	
TLNEADCATIPPAIR	6	0	
TLQLAVAINQEPPDPK	0	0	
TLSDCPALEGSQNGCQHENAAAVR	0	0	
TLSEDELK	0	0	
TLSEDELKEIPAEQMDFR	0	0	
TLSGGIAVNGPR	5	7	
TLSGPLDLEQNGQGLPFK	112	0	PE=1
TLSPEIITVTSAVGPVSMAAPTAITEAGTQPQKGVSQVK	3	0	
TLSTDSIQYHLQMQDK	0	0	
TLSTDSIQYHLQMQDKNGR	0	0	
TLSVCISDGVFPGMSGPPLVLR	19	2	
TLTEEEVEEVLKNIFK	1	0	PE=2,PE=3
TLTLCHQPGAVFPPGPQEEVLS	21	1	PE=2
TLTPVGHQSVSPGGTTMTPVHFQTETLR	0	0	
TLTYFNYDQSGDFQTLTFEGPEIR	0	0	
TLTYFNYDQSGDFQTLTFEGPEIRK	2	0	
TLVSCIDFR	0	4	
TLYQLQAQR	0	0	
TMDFPTPAAAFCSPLAR	0	70	
TMLIPPELK	0	0	
TMMNTWTLQR	866	0	PE=2
TMQGSEVVSVLK	4	19438	
TNGKPEEKNHEAGTSGCSIDAK	6	0	PE=2
TNHIQALAHSTVGQTLPIPLK	85	0	PE=2,PE=1
TNTFPLLEDEDDLFTDQKVK	0	17	
TNVLNHAYENLTR	26	0	
TPAPLQHLNTLLDGTYK	0	0	
TPDEGAWTSIYAAVTPELEGVGGR	0	9	
TPDGFDSVPLKTSSGGPDMDL	16	11	PE=2
TPDIDVPKENITSDSLLTTSMASESTVK	23	0	PE=2
TPDWYNPER	109	0	PE=2
TPESFLGPNAALVDLDSLVSRPGPTLPGAK	0	0	
TPEVTCVVVDVSHEDPEVQFNWYVDGMEVHNAK	102375	71	PE=2
TPEVTCVVVDVSHQDPEVQFK	0	0	
TPEVTCVVVDVSHQDPEVQFKWYVDGVEVHNAK	0	0	
TPIALATGIRPFPTEESINDENIYK	0	0	
TPIYPYLLPK	0	0	
TPLEDYSGECFQK	1	0	
TPNSVVGHYTQVVWYSSYLVGCGNAYCPNQK	244	0	PE=2
TPPDPVNGMVHVITDIHVGSR	5	0	PE=4
TPPPRPSPLQAGSDGCEEPK	0	0	
TPQEWAPHTAR	1	0	
TPSETPGPSPAGPTR	414	3	PE=2
TQAAVYLQAAWR	0	75	
TQCTEFFLAPVKTEVPLAENQSGPDCAASLK	0	0	
TQCTEFFLAPVKTEVPLAENQSGPDCAASLKEETGPSYQR	0	0	
TQCTEFFLAPVKTEVPLAENQSGPDCAGSLKEETGPSYQR	0	0	
TQDEEEQAEALQR	0	0	
TQEACVHQDTQAHHALLRK	0	0	
TQIAICPNNHEVHIYENSGAK	43	0	
TQLHEDLLPR	38	0	PE=2
TQNKEESYDFFK	0	0	
TQNKEESYDFFKSYEYK	0	0	
TQSTFEGFPQSPLQIPVSR	0	1	
TQTDSEAQESTATSDETK	4	0	
TQTVEVPCPPPSPR	0	0	
TQVNTQAEQLR	13918	615	PE=2
TQVNTQAEQLRR	7178	19	PE=2
TQWLEVDTR	0	0	
TRGDSQPAEAGEAAAGK	0	0	
TRGIFAVQVDENRR	0	0	
TRPEFYLNSYMNQQDVVNAVR	0	12	
TRPGELMVGEDDAR	534	1	PE=2
TRPLEFAAMGDYLDTFALK	0	0	
TRSWDSSSPVDHPEPEAASPTTR	70	0	
TRYSELTTLTSQYIK	7	15569	
TSAFPIVESVVHEGDLHDPSR	2	0	
TSAGMFPGSQPQAPASPVLPARPPPPPLPR	318	0	PE=2
TSDMAPSKETEMALAKDMALATK	0	0	
TSDPALCPLIVSAAADSAVR	61	0	
TSEDASEYYENYIEELKK	34	0	PE=2
TSFRVPNLEEGK	43	0	PE=3
TSFRVPNLEEGKSYFFR	6	0	PE=3
TSGLAGEPEGELSKEDHGNTEK	0	0	
TSHENMLIPVVGTLQECASEENYQAAIK	20	0	PE=2
TSIECLPELIHACGGK	4	0	
TSIKRDTVNPLYDETLR	1	0	PE=2
TSLNEQTYTR	92	0	PE=2
TSLSAPPNTSSTENPK	128	48	
TSLSAPPNTSSTENPKTVAK	0	0	
TSNGQHFHLTSTFTMEDIYQNR	0	0	
TSNSEDGSMGSFSEK	0	0	
TSPLGTQLVLGPGNSALLGCPIK	0	0	PE=2
TSRPRGSSVSQDSDSQGHSEDSER	0	0	
TSSSESSAVISAFFECLR	3	2	
TSSVQLHVAGLQPVLLQDR	26	0	
TSVAIGGIIK	0	0	
TSVVIKWESPYDSPDQDLLYAIAVK	2	0	PE=2
TSYETTDKVLQNK	0	0	
TTAEYQLLVEGVPSPR	476	340	
TTAKDIQQTEQTIEQR	0	0	
TTDLSIPLPSADLVVQAGQVDMK	0	0	
TTDLSIQLPSADLEVQAGQVDVK	0	0	
TTDNFDDILK	0	0	
TTESPPSPGTTTLGHTR	0	0	
TTHLSIQSPSADLEVQAGQVNVK	0	0	
TTLPQDCSNPAPLSSPFNGVHDR	65	0	PE=2
TTPIEAASSGAR	2991	7237	PE=2
TTQIPQFILDDSLSGPPEK	30	0	
TTQNIATGTKNTFGSGVTGAANVAK	0	0	
TTRLQQQHSEQPPLQPSPVTTR	0	0	
TTSAPTTSTTSVPTTSTISGPK	71	0	PE=4
TTSQAQTEVPLDDPDR	0	0	
TTSQAQTEVPLDDPDRAGWPAGK	0	0	
TVAHLQTVQHQLAELK	0	0	
TVALQEGLR	0	0	
TVALQEGLRR	0	0	
TVASPGVSVEEAVEQIDIGGVTLLR	5874	0	PE=2
TVEHGFPHQPSALGYSPSLHILAIGTR	0	0	
TVGTNTPPSPGFGR	1401	39731	PE=2
TVIPTDLER	0	0	
TVLEINTPKVEQVPIVDIMFNDFGEASQK	0	0	
TVLTGTKDTVCSGVTGAAK	0	0	
TVLTGTKDTVCSGVTSAMNVAK	0	0	
TVMIPGPQLKPEEEYEEAQVEAQKPQLA	2	0	
TVNNLILTGPR	0	6	
TVTISCTR	1093	280	PE=2,PE=1,PE=4
TVVQLEGDNKLVTAFK	6	0	
TVVQLEGDNKLVTAFKNIK	0	0	
TVYFAEEVQCEGDSFHK	22	0	
TYFGAEPQSVNFVEASDQIR	171	0	PE=2
TYFGAEPQSVNFVEASDQIRK	117	0	PE=2
TYGLMDSHTVLQISSAK	0	0	
TYGLMDSHTVLQISSAKPSDAGTYVCLAQNALGTAQK	0	0	
TYGQVSGEAIK	1330	0	PE=2
TYGRHEGQYLRPGEDER	0	0	
TYLDLLCSMCDLSNASVKTTAKDIQQTEQTIEQR	0	0	
TYLGKDAGFHSEIFKR	0	0	
TYRPLNEVHIK	2	0	
VAALNIQVGNLCEFLPQDKVGEFAK	0	0	
VAEQRPGSILYGTHGPLPPLYSVSLALLSSELAR	0	0	
VAGALAEAGVGLEEIAKQVNVVTK	26	0	PE=2
VAKNEVLWHPTLNLPLSPQGTVR	1	0	PE=1
VALEELENKPR	963	7	PE=2
VALLLMASQEPQR	0	0	
VALSSQTEVALAR	33	0	
VAMLEENGECVLMEGK	211	0	PE=1
VAPDEHPILLTEAPPNPK	0	0	
VAQIQTDYDALKR	0	0	
VATGALGGPEAGVQCSDAYR	42	0	
VAVNGVHSLQYK	0	0	
VAVPHTPGLCTSLPDPVK	1155	6	PE=2
VAVQEGINSGTAMSR	15	0	PE=2
VAVTQAAEVAVATMEPVAR	0	0	
VAVTSSSSSSSSSSIPSAEK	1132	1	PE=2
VAVTSSSSSSSSSSIPSAEKVPTTK	290	1	PE=2
VAVVQYSDRTRPEFYLNSYMNQQDVVNAVR	0	0	
VCLVGCGFSTGYGSAVNVAK	0	0	
VCQPPPEILHGER	1	0	
VCRHNYEVAYR	2	0	PE=4,PE=2,PE=1
VCSILASLHALADQYEEAEYYFQK	177	1	PE=2,PE=1
VCVAIDECELDVR	760	1	PE=2
VDDSSEDKTEFIVK	0	0	
VDDVINVSGHR	0	10960	
VDHKGPQIDIK	0	0	
VDIDAPDVDVHGTDWHLK	20	0	
VDIKGPQVDIK	0	6	
VDIKGPQVDVK	0	0	
VDIPPLIR	0	0	
VDLKGPQLDVK	0	0	
VDLLCTYLQPFSGPGLPIK	0	0	
VDLNLPNIGIK	333	0	PE=2
VDNALQSGNSQESVTEQDSKDSTYSLSNTLTLSK	0	0	
VDSAGFGDSVVQYANSR	0	0	
VDSDSSKPPETLTNPPGVCQEK	0	0	
VDVEYPDVNIEGPEGK	0	0	
VEANVSLPSMQGDLK	0	12	
VEDACILTCNVSLEYEK	405	0	PE=2
VEDPPLDLWLVPHSCGQVCER	0	0	
VEDQENEPEAETYK	185	0	PE=2
VEFAPLFVPWER	0	0	
VEGDLKGPEVDIRGPK	2	0	
VEGDMQVPDVDIKGPK	0	0	
VEGFLEEDKR	0	0	
VEGLLGCKPEVTIECTGAEASIQAGIYATR	0	0	
VEGNTVHIEVK	1423	1	PE=1
VEKVPSFETAEGIGAELK	12	0	PE=2
VEKVPSFETAEGIGAELKAPLK	5	0	PE=2
VELFFKDDANNDPQWCEEQLIAAK	0	0	
VELGVIGNSVHMEGLPGSSTSIR	0	0	
VELQDWAGNEAYAEYHFR	0	0	
VELTEDKIDYTK	0	0	
VENLLFHVVSTPTNGQLVLSR	0	0	
VEQIAAIAQELNELDYHNAVNVNDR	0	0	
VEQMPQASPGLALR	0	0	
VETGILRPGMGVTFAPVNITTEVK	0	0	
VETMTLDLALLR	20	0	PE=2
VFAEDQDMQYASQSEVPNGK	64	4	
VFHFLVFQLNTTDLDSNEGVK	727	0	PE=2
VFLENVETFIK	7	556	
VFLTDTDPNENLSAQGEDEWPPLRK	50	0	PE=2
VFQAVEQASNLTQAPEEEPIPLDQLGGSCR	0	0	
VFSVAELQAR	242	3869	
VFTTLVLCDKPLSQDPQNR	115	0	PE=4
VGAGLGGLFTDK	0	0	
VGAIEEFTFLPLTESR	0	0	
VGALHGILYVLECDLLDDTAK	91	22	PE=2
VGDTITVAAWNHSASMEEEGEDCTLNVYR	0	0	
VGEAGLLSVNCSEAGPGALGLEAVSDSGTK	14	68	
VGEAGLLSVNCSEAGPGALGLEAVSDSGTKAEVSIQNNK	0	0	
VGLVASQKNNLDAVALMHPDGSAVVVVLNR	0	0	
VGNTVPFGAGAAVGGGGGSSSSSENVKR	0	0	
VGQMLSIQDNSFISPQLQR	0	9	
VGSEKPGTTLPQPPPTTCPPGALQAPEAPASR	7	0	
VGSHDLTLVNLHLAALTLLGSENSSK	0	0	
VGTASENVYVNTAHLK	1032	18	PE=2,PE=4
VGVTALQQAPAVDVVAVGLMSGQVIIHNIK	33	2	
VGVTDLSPFGK	329	3	PE=2
VGVVQYSHEGTFEAIQLDDEHIDSLSSFK	17819	1	PE=2
VHDRSEEEEEEEEEQPR	0	0	
VHIEFTEGEDKITLEGPTEDVSVAQEQIEGMVK	0	0	
VHLAPPPTWEGYDPSWN	323	0	PE=2
VHPSQMEISETVEK	0	0	
VHSRAPSPLYSVEFSEEPFGVIVHR	10	0	PE=2
VIAETEER	0	0	
VIDGMTVVHSIELQATDGHDRPLTSCSIINSGK	7	0	
VIGIDHIKELVDDSINNVR	10	117	
VIGIDHIKELVDDSINNVRK	0	4	
VILEEHSACENEVSK	0	0	
VILNYPSPWDQEERPAQR	0	0	
VILQPIEGIMGSDYINANYVDGYRR	27	0	PE=2
VIPIQAHQIVNGAPPAR	0	6	
VISTTNAER	2	4	
VIWHGSSPHGIR	0	0	
VKFPTDTLQELLDVHAACER	93	0	PE=2
VKGDMDVSLPKVEGDMQVPDVDIK	0	0	
VKGDVDVSLPKVEGDVK	0	2	
VKISTEVDITNVDLSTVDKDQSIAPK	0	0	
VKLEQQVDDLEGSLEQQK	0	0	
VKLEQQVDDLEGSLEQQKK	0	0	
VKTVVQLEGDNKLVTAFK	0	0	
VLAFLSLAEVGQVAGPGPQR	124	1147	PE=2
VLAFLSLAEVGQVAGPGPQRELK	2	256	PE=2
VLASCLTPSGAEALQR	0	0	
VLAVPAENYDYQILHK	0	0	
VLAVPAENYDYQILHKK	0	0	
VLCNETNNQTIWDEHDNR	0	0	
VLDEHIQER	0	0	
VLEACALQPDVDSFPEGVHTSIGEQGMNLSGGQK	0	0	
VLEELSMSSGELAFGK	0	0	
VLEMTGNIDETEWEWK	15	0	
VLEVDTQGTVVCSLDR	4	0	
VLFICTANITDTIPEPLRDR	0	18	
VLFPGCTPPAYLLDGLVR	0	0	
VLGFPLCVSLNISPGFR	0	0	
VLGLSIVGK	0	0	PE=2
VLGTAGTEEGQK	47	364	
VLGTSVESIMASEDR	0	0	
VLHASLQSVLHK	89	1	
VLHASLQSVLHKEESLGPK	28	16	
VLIFQEENEIPASVFVKEPVSGAVEGK	0	0	
VLIVYAHQEPR	1	529	
VLIYDRFGQDIISPLLSVR	0	0	
VLIYGASSLQSGVPSR	160	0	PE=2
VLKEQALQEAMEQLEELELER	110	0	PE=2
VLKEQALQEAMEQLEELELERK	84	0	PE=2
VLLDGVQNLR	756	5	
VLLDGVQNLRAEDLVGK	13	4	
VLLLEAGPKDVR	14	0	
VLLNDGGYYDPK	2	0	
VLLTCWDPEENKMAPCEFGVLNNLANVLSQHLNQK	0	0	PE=4
VLMEDDDLYSCVVENPISQGR	11	92	
VLNDGTVYTAR	157	0	PE=2
VLPFNAETCNATVSGPDLEFSMHDGTIR	0	1	
VLQDNLDKLQALADALLEK	0	0	
VLQEGSVEAR	0	0	
VLQQLTEEAALDEASGFNIPAEQASRPWTQPR	416	0	
VLSQPMPPTAGEAEQAANQQER	0	0	
VLTGTGNVNVIQPNYPAAAR	892	0	PE=2,PE=1
VLTTGPTPSSFPR	0	0	PE=2
VLWLDEIQQAVDDANVDEDR	301	0	PE=2
VLWLDEIQQAVDEANVDEDR	3072	34	PE=2
VLWLDEIQQAVDEANVDEDRAK	1285	7	PE=2
VLYGPLEGCLAPSGR	0	0	
VMFVGGPNSR	0	0	
VMFVGGPNTR	1	4	
VMFVGGPNTRK	0	0	
VMIPLSSIPTYSAAMDSNSFLK	0	0	
VMQVVDEK	2182	0	PE=2,PE=4
VNDCILQVNEVDVR	0	0	
VNGEAIYETYTWR	3	2	
VNLASRPEQGPSGPAAAPGPGVAPAGAVTISSQDLLVR	0	0	
VNLHHVDFLR	85	528	
VNLPQYPPTAIDYK	0	19	
VNMFPFVGEQQSEFSSFDKNDSR	5	16	PE=1
VNSMQTVFVGYGPTFK	225	3212	
VNVYHHLVETLKFAR	11	0	PE=2
VPAQESQDGSGSRPAAPLIGAPANSEDTHLVDPK	248	0	PE=1
VPEPCPSTVTPGPAQQK	448	0	
VPEPDYTK	0	0	
VPEPDYTKVPEPGSIK	0	0	
VPEPDYTKVPEPGSIKVPDQGFIK	0	0	
VPETVSAATQTVK	0	0	
VPGDQTSTIIR	2365	313	PE=2
VPGDQTSTIIRELEPGVEYFIR	138	17	PE=2
VPGFADDPTELACQVVDTK	0	0	
VPLASQGLGPGSTVLLVVDKCDEPLNILVR	112	0	
VPLGGLQSVSLTIWK	0	0	
VPSFETAEGIGAELK	1309	0	PE=2
VPSFETAEGIGAELKAPLK	7	0	PE=2
VPSFETAEGIGAELKAPLKQEPLQVR	58	0	PE=2
VPSLGYGSPAAGAASADTAAR	0	0	
VPSSDEEVAEEPQSR	51	0	
VPTASTTFAPTTR	8	0	PE=4
VPTNLAVEEALSLQDGCR	0	0	
VPVDVACR	0	0	
VPVPGYTKVPEPCPSTVTPGPAQQK	23	0	
VPVTQATRGPQVQQPPPSNR	99	1063	PE=2
VQANAPLIKPPAHTSAILTVLR	0	0	
VQGIGWYLDEKK	0	0	
VQLPTESLQELLDLHR	4386	4	PE=2
VQLPTESLQELLDLHRDSER	881	0	PE=2
VQLPTESLQELLDLHRDSEREAIEVFIR	226	0	PE=2
VQLTPVEEAHQQLER	0	0	
VQNHCQEPYYQATAAGALTCATPGTWK	0	0	
VQPPPTTQLLLPGSER	84	0	PE=2
VQSGSESVIQEYVDLRTR	0	3820	
VQVLAAQLLSEMK	1847	6	PE=2
VQVQPLELPMVTTIQVSSQLSGR	12	0	
VREVSQPDWMPPPEVTLVLTK	0	0	
VRGTQVVGSDMTVTVQFTNPLK	83	0	
VRGTQVVGSDMTVTVQFTNPLKETLR	25	0	
VRQGHVEQCECLGGR	6	0	
VSCKASGGTFSSYVISWVR	2	0	PE=2
VSCTYKEDEGLYTVR	0	0	
VSEGKNVLLLVHNLPQNLAGYIWYK	0	0	
VSGQTEVDDILAAVRPTTR	955	0	PE=2
VSGSSGELPLEDGVSHK	166	0	PE=2
VSHGEGGGEEAAAAAR	5	0	
VSIACLAPGSGPITLLLR	0	0	
VSIAELAQASNSLITWGR	8	0	
VSLLFEDDVDSR	3	134	
VSLQALEAEAEAGAETEAVLQR	0	0	
VSQGISSYLNWYQQK	0	0	
VSQGISSYLNWYQQKPGK	0	0	
VSQMNSLEEELETIHLENEGLK	1	0	
VSRPESEQLR	0	41	
VSSTEGAAKEEPK	253	0	PE=2
VSTFVVSTVNTQNPHVNAFFQECQK	0	0	
VSTIAGIGIQGTDK	3	0	
VSTIAGIGIQGTDKEGGAK	3	0	
VSVAIEEDLEPENGILELETK	0	1	
VSVVDYVEPSPQGTR	1711	0	PE=2
VTDGTECRPYSNSVCVR	0	27	
VTDTQEAECGGPPVPDPK	0	0	
VTFFEPGSGNENGTSNKEDEFR	0	0	
VTISVDTSKNQFSLR	282	0	PE=2
VTITCRASHSISTYLNWYQQKPGK	0	0	
VTITCRASQSISGYLNWYQQRPGK	0	0	
VTITCRVSQGISSYLNWYQQKPGK	0	0	
VTITLTDVNDNPPKFPQSVYQISVSEAAVPGEEVGR	0	0	
VTLEYRPVIDKTLNEADCATIPPAIR	0	0	
VTLNGVPAQPLGLR	1	0	
VTLSALDTSESSFTPLVVIELAQDVKEQTK	0	0	
VTNRNHQCEMLKQTR	0	0	
VTQEFLEYHVNR	26	0	PE=2
VTSTNNMAYNKAPRPFGSVFSPK	0	0	
VTTPDMSTTQHNK	0	0	
VTYDLVYYVR	0	0	
VTYLVHNFEEGGGIAMGMYNQDK	43	0	
VVAPVESHVPESDQAQGESPAANEGTTVQHPEAPQEEK	23	0	
VVASGPGLQHGK	0	65	
VVEKDNDVLLHWAPVEEAGDSTQIIFSK	0	0	
VVEKDNDVLLHWAPVEEAGDSTQIIFSKK	0	0	
VVEYLLPADK	0	0	
VVEYLLPADKEESAPAPGHQQAQK	761	0	
VVFPSEEVVEQK	8	0	
VVGVAIDLPVWVPKPSVDLK	0	0	
VVIQPEALFSIYSK	826	0	PE=2
VVLINNNLGWPNGLTVDK	0	0	
VVNVEIVEEPVSYVSGEKLEEFSVPFK	0	0	
VVNVIGAHYPGTHSAK	44	0	PE=2
VVQETVLVQER	0	0	
VVQETVLVQERR	0	0	
VVSPFPLCQPAGEPSR	0	0	
VVSVLTILHQDWLNGK	0	0	
VVVLPSGALQISGLQPGDIGIYR	30	0	PE=2
VVYALLNLYEHHHSAR	3	0	
VVYPSKADLATAPPHVTIVR	0	0	
VVYSTLAGEQYHEVLVPK	111	12602	
VWDKSESGNWHCTASWK	0	0	
VWPETPEEK	1	0	
VWPETPEEKAPAPAPEER	0	0	
VWPNPEVFDPSR	179	4875	PE=2
VWQTVSPVESR	1	0	
VYALISDAQPLLLSTFSGDR	0	0	
VYALISDAQPLLLSTFSGDRR	0	0	
VYGDIIYTPAK	1006	56	PE=2
VYGDIIYTPAKDR	13	0	PE=2
VYGLQSELQYK	0	0	
VYGNKDADGFYR	0	0	
VYIHHMSPTGGTDINGVLQR	0	0	
VYPERPHPEDQR	0	0	
VYVELQELVMDEKNQDLR	0	0	
WCDADPCCTGFGFLNVSQLK	10	0	PE=2
WCQSMQDPSLNLR	0	0	
WDYHTTHINQLQLLSTIDESPIFK	87	82	PE=2
WELLQQMNVDTRPINLEPIFQGYIDSLKR	2	0	
WESPYDSPDQDLLYAIAVK	670	13	PE=2
WETLNDAGFTTANNIAK	0	0	
WEWGTPHNFLYK	0	0	
WFDVDFPSPGPQGGDK	32	0	PE=4
WFDVDFPSPGPQGGDKETYNNIIR	43	0	PE=4
WGAAPYQGRPK	31	0	
WHELMLDKAPMLK	277	0	PE=2,PE=4
WHHEPAEFQAR	1	0	
WIDTQVILALPYDTPVPGYMNNTVNTMR	0	0	
WILTAAHTVYPK	4750	49	PE=2
WIQHDHVYLDNMTAK	0	0	
WIQPEEDEGK	0	0	
WIQPEEDEGKVVVR	0	0	
WISAMEDQLQSDDPGK	0	0	
WISAMEDQLQSDDPGKDLTSVNR	0	0	
WKAPKSPVGVQPILNEHTFCAGMSK	0	0	
WKNEVQIHSGSFQSQVELSNDQEK	158	0	PE=4
WLDLTVVEAK	15	2	
WLFPTGGSVR	8	17	
WLKDEELSPREPVLPPQK	0	0	
WLLLCNPGLANTIVEK	1757	0	PE=2
WLNSGRGDEASEEWQNGSSPK	90	0	
WNETFQKEVLGSR	0	0	
WNYIASSECLPFWPENLSGK	440	16	PE=2
WPGSETEVPPPGPAR	0	0	
WQEGNIFSCSVMHEALHNR	0	4	
WQGSPAELESDTQGAR	5	0	
WQQGNIFSCSVMHEALHNHYTQK	68	0	
WQQGNVFSCSVMHEGLHNHYTQK	11373	10207	PE=2,PE=1
WQQLNPDAPEALQAPAQVPSLFR	8	6	
WQQNVFSCSVMHEALHNHYTQK	0	0	
WSETSVEHR	0	4690	
WSLYKQQEHKMER	0	0	
YAAMKEGNQEKIYK	3	0	PE=2,PE=1
YAATSQVLLPSKEVMQGTDEHVVCK	0	0	
YAMAWGVVEK	11	2542	
YAMAWGVVEKK	0	134	
YANEVDSDAGAFK	0	0	
YATGGWETVFRPVSETCK	0	0	
YCICNSGVVR	1	0	
YCLCEDENHEVGSEEEEIPFR	0	0	
YDNFAHRTEVQK	0	0	
YELARGMLEPVQRPDVVLVGAGYR	199	0	
YELYSETQR	1	0	
YENESLQSGR	82	0	
YEQEHSAIQDK	0	0	
YESQEPLAGQESPLSLATR	0	0	
YEVPLETPR	1417	4434	PE=2
YEVPVPLNIPSMPSSTPQGQLYDVLIKK	0	0	
YFEVEEADGHK	52	0	
YFHTAMSRPGR	332	0	PE=4,PE=2,PE=3,PE=1
YFSTSVSR	406	8	PE=4,PE=2,PE=3,PE=1
YFSTSVSWPGR	695	14	PE=2,PE=3,PE=4
YFSTSVSWPGRGEPR	23	0	PE=2,PE=3,PE=4
YFSTTEDYNHEITGLR	0	0	
YFYNQEEYVR	2038	1127	PE=2,PE=1,PE=4
YFYTAVSRPSR	24	0	PE=4,PE=2,PE=3,PE=1
YGCQYYSHAR	0	0	
YGDNNHSQGINWFHWK	0	0	
YGDPNHHLPLPDNWK	0	0	
YGLLVGGAVSHR	27	2	
YGLSAAAAAAAAAAAVEQR	0	3650	
YGMHTLEINACDFEDTAQYR	835	829	PE=2
YGMTEIGMALSGPLTTAMR	810	0	PE=2
YGVNRLEEMLRPLVEEGLR	0	0	
YGWSANESGQIFICSQEESIKPK	0	0	
YIELFLNSTPGGGSGMGGSGMGAYGR	31	0	
YILQGVTSWGLGCACPNKPGVYAR	0	0	
YIQQQKQQQQQQQQQQQQQQQQQR	0	0	
YIYNRQEYAR	1	0	PE=2,PE=4
YKETLQLIDSTTSYGLTGAVFSQDKDVVQEATK	0	0	
YKSDSDNQQGSGVPSR	143	0	PE=2
YLCGAHSDGQLQEGSPIQAWQLFINEESTIPR	0	0	
YLDQIGNTTSSQR	0	0	
YLENYYDLEK	39	0	PE=2,PE=4
YLETPEFSGDGDHALSR	0	0	
YLFAVTGNGLVNQGNNPEVQVDTSKPDILILR	6	0	
YLKHQTFAHEVDGRSEQVHGVINLGNSLIER	0	0	
YLLAFLADDLGR	0	0	
YLPHHSAHSSQLDADSWIENDSLSVDKHGDNQPDSSSLK	0	0	
YLVNFIGQGPATYGPFCAER	0	0	
YNGDIEDIKR	2	1	
YNPVVINFEMQPIHEVLR	23	0	
YNTEEFITVYPTDPPKNWPVVTLIAEDDR	0	0	
YPEDLPITLPNLLR	225	0	PE=2
YPNSLECTYIVFAPK	788	15	PE=2
YPVDTLPTSK	136	164	PE=2
YQEEPPAPQPK	2882	43	PE=2
YQELQIMAGR	0	0	
YQLEKEDTVEVLAIDNTSVR	60	0	PE=2
YQTPTGIK	0	2	
YQWDLDTCK	0	0	
YRPGTVALEIR	0	0	
YSAQADITDDSLDR	0	0	
YSEYTEEFSK	0	0	
YSFLHNSQTSFCFSDSIPTPSNMEETQQK	0	0	
YSLIDPSSAPELLR	1232	18	PE=2
YSQVVPAVTEGPIPEVLK	15	0	
YSSSGSAANSFHFK	2	0	
YTAIPIVGQVFQSQCK	33	0	
YTIAALLSPYSYSTTAVITNPKE	0	0	
YTLNEEWLLR	292	350	PE=2
YTSDKDVPSEQNNYSR	1	0	
YVCDCSGTGYIGR	0	0	
YVNPGNEAVSGHITIYPSWGAAQSK	0	0	
YVSLENQHCEHCNSCTSK	0	0	
YVSLIYTNYEAGKDDYVK	11216	2787	PE=2
YVSLIYTNYEVGKDDYVK	8	437	
YWCNDGKNPGAVNACHLSCSALLQDNIADAVACAK	3	0	
YWMHFCGGSLIHPQWVLTAAHCLGPDVK	781	0	PE=2
YYNAKTEDKVR	0	0	
