protein_accessions	count	number_accessions_group
['GCA_128210']	16	1
['GCA_283510']	13	1
['GCA_285676']	12	1
['GCA_254133']	12	1
['GCA_290872', 'GCA_290871']	10	2
['GCA_221588', 'GCA_181455']	8	2
['GCA_250965']	8	1
['GCA_149604']	8	1
['GCA_258979']	8	1
['GCA_181467']	8	1
['GCA_137200']	8	1
['GCA_269928', 'GCA_253092', 'GCA_236455', 'GCA_154401']	7	4
['GCA_119581']	7	1
['GCA_158013', 'GCA_158012']	7	2
['GCA_177309']	7	1
['GCA_114702']	7	1
['GCA_7216', 'GCA_243158']	7	2
['GCA_86502']	7	1
['GCA_277899', 'GCA_174622']	7	2
['GCA_250979']	6	1
['GCA_62130']	6	1
['GCA_110629']	6	1
['GCA_223053', 'GCA_223052']	6	2
['GCA_237188']	6	1
['GCA_239972']	6	1
['GCA_161745']	6	1
['GCA_103559']	6	1
['GCA_48592']	5	1
['GCA_234501']	5	1
['GCA_234507']	5	1
['GCA_71086']	5	1
['GCA_112077']	5	1
['GCA_61687']	5	1
['GCA_167249']	5	1
['GCA_139759']	5	1
['GCA_273956']	5	1
['GCA_160390']	5	1
['GCA_200087']	5	1
['GCA_269923']	5	1
['GCA_163831']	5	1
['GCA_92803']	5	1
['GCA_153230']	5	1
['GCA_302069']	5	1
['GCA_146862']	5	1
['GCA_178637']	5	1
['GCA_152834']	5	1
['GCA_131606']	5	1
['GCA_174667']	5	1
['GCA_188311']	5	1
['GCA_94464']	5	1
['GCA_37417', 'GCA_250497']	5	2
['GCA_299470']	5	1
['GCA_83236']	5	1
['GCA_313717']	5	1
['GCA_94630', 'GCA_47569', 'GCA_315806', 'GCA_262051', 'GCA_121144']	5	5
['GCA_178851']	5	1
['GCA_155817']	5	1
['GCA_180153', 'GCA_14938', 'GCA_14937']	5	3
['GCA_306312']	5	1
['GCA_104002']	4	1
['GCA_147760']	4	1
['GCA_228546']	4	1
['GCA_133899']	4	1
['GCA_202113']	4	1
['GCA_134133']	4	1
['GCA_128672']	4	1
['GCA_85707']	4	1
['GCA_51237']	4	1
['GCA_20176']	4	1
['GCA_139871']	4	1
['GCA_13774']	4	1
['GCA_191305']	4	1
['GCA_131194']	4	1
['GCA_306618']	4	1
['GCA_39402']	4	1
['GCA_137941']	4	1
['GCA_227150']	4	1
['GCA_130729']	4	1
['GCA_297717']	4	1
['GCA_293760']	4	1
['GCA_288735']	4	1
['GCA_245254']	4	1
['GCA_19780']	4	1
['GCA_139441']	4	1
['GCA_176814']	4	1
['GCA_26371']	4	1
['GCA_155815']	4	1
['GCA_33884', 'GCA_277124']	4	2
['GCA_302177']	4	1
['GCA_40574']	4	1
['GCA_90264']	4	1
['GCA_119730']	4	1
['GCA_236920']	4	1
['GCA_171712']	4	1
['GCA_293839']	4	1
['GCA_27263']	4	1
['GCA_202595']	4	1
['GCA_277101']	4	1
['GCA_210590', 'GCA_210586']	4	2
['GCA_58860']	4	1
['GCA_121408']	4	1
['GCA_113156']	4	1
['GCA_284208', 'GCA_284206']	4	2
['GCA_304806', 'GCA_304805', 'GCA_228849', 'GCA_228848']	4	4
['GCA_139221']	4	1
['GCA_138890']	4	1
['GCA_304361']	4	1
['GCA_125985', 'GCA_125984']	4	2
['GCA_118374']	4	1
['GCA_207409']	4	1
['GCA_191282', 'GCA_131603']	4	2
['GCA_304989']	4	1
['GCA_205415']	4	1
['GCA_101626']	4	1
['GCA_14739']	4	1
['GCA_198967']	4	1
['GCA_138877']	4	1
['GCA_230730']	4	1
['GCA_165674', 'GCA_165673']	4	2
['GCA_241551', 'GCA_137036']	4	2
['GCA_15225']	4	1
['GCA_216815']	4	1
['GCA_49368']	3	1
['GCA_11477']	3	1
['GCA_201402']	3	1
['GCA_263327']	3	1
['GCA_293797']	3	1
['GCA_134428']	3	1
['GCA_148323']	3	1
['GCA_257375']	3	1
['GCA_24620']	3	1
['GCA_238366']	3	1
['GCA_229616']	3	1
['GCA_19307']	3	1
['GCA_89377', 'GCA_245166', 'GCA_189120', 'GCA_158735', 'GCA_141888']	3	5
['GCA_105022']	3	1
['GCA_148437']	3	1
['GCA_141643']	3	1
['GCA_78703']	3	1
['GCA_166945']	3	1
['GCA_98344']	3	1
['GCA_94456', 'GCA_173620']	3	2
['GCA_281437', 'GCA_281434']	3	2
['GCA_22306']	3	1
['GCA_183571']	3	1
['GCA_210249']	3	1
['GCA_274030']	3	1
['GCA_199706', 'GCA_199705']	3	2
['GCA_136891']	3	1
['GCA_283770']	3	1
['GCA_15648']	3	1
['GCA_170460']	3	1
['GCA_130300']	3	1
['GCA_198457', 'GCA_10991']	3	2
['GCA_49249', 'GCA_196264', 'GCA_132718', 'GCA_120387']	3	4
['GCA_193864']	3	1
['GCA_312056']	3	1
['GCA_99672']	3	1
['GCA_266417']	3	1
['GCA_241061', 'GCA_171997', 'GCA_143413']	3	3
['GCA_149591']	3	1
['GCA_172920']	3	1
['GCA_184704']	3	1
['GCA_305698']	3	1
['GCA_189947']	3	1
['GCA_151623']	3	1
['GCA_112759']	3	1
['GCA_82883']	3	1
['GCA_200882']	3	1
['GCA_246802', 'GCA_246800']	3	2
['GCA_150561']	3	1
['GCA_265569']	3	1
['GCA_88141']	3	1
['GCA_149157']	3	1
['GCA_85164']	3	1
['GCA_120411']	3	1
['GCA_245753']	3	1
['GCA_206622']	3	1
['GCA_191875']	3	1
['GCA_219302']	3	1
['GCA_132638']	3	1
['GCA_217163', 'GCA_124267']	3	2
['GCA_73160']	3	1
['GCA_277458']	3	1
['GCA_299250']	3	1
['GCA_64692', 'GCA_64690']	3	2
['GCA_312108']	3	1
['GCA_188783']	3	1
['GCA_316591']	3	1
['GCA_98346']	3	1
['GCA_154644']	3	1
['GCA_155779']	3	1
['GCA_182181']	3	1
['GCA_49322']	3	1
['GCA_194846', 'GCA_120051']	3	2
['GCA_267697']	3	1
['GCA_295472']	3	1
['GCA_251324', 'GCA_228076']	3	2
['GCA_261855']	3	1
['GCA_316935']	3	1
['GCA_94539']	3	1
['GCA_172053']	3	1
['GCA_165004']	3	1
['GCA_311867']	3	1
['GCA_133843']	3	1
['GCA_116113']	3	1
['GCA_268474']	3	1
['GCA_117011']	3	1
['GCA_114816']	3	1
['GCA_214799']	3	1
['GCA_250582']	3	1
['GCA_107316']	3	1
['GCA_127678']	3	1
['GCA_224408']	3	1
['GCA_265860']	3	1
['GCA_263332', 'GCA_263331']	3	2
['GCA_166781']	3	1
['GCA_156808']	3	1
['GCA_24980']	3	1
['GCA_99660', 'GCA_298866', 'GCA_228717', 'GCA_118122']	3	4
['GCA_68873']	3	1
['GCA_268733']	3	1
['GCA_86457']	3	1
['GCA_168207']	3	1
['GCA_238941']	3	1
['GCA_253361']	3	1
['GCA_147083']	3	1
['GCA_167746']	3	1
['GCA_181600']	3	1
['GCA_34831']	3	1
['GCA_130917']	3	1
['GCA_156690']	3	1
['GCA_193059']	3	1
['GCA_244281']	3	1
['GCA_147193']	3	1
['GCA_107931']	3	1
['GCA_168144']	3	1
['GCA_184609']	3	1
['GCA_182239']	3	1
['GCA_223384']	3	1
['GCA_87680', 'GCA_151005']	3	2
['GCA_31986']	3	1
['GCA_159542']	3	1
['GCA_109298']	3	1
['GCA_261375']	3	1
['GCA_88443']	3	1
['GCA_8759', 'GCA_264981']	3	2
['GCA_224382']	3	1
['GCA_121916']	3	1
['GCA_183312']	3	1
['GCA_156262']	3	1
['GCA_171306']	3	1
['GCA_221395']	3	1
['GCA_216420']	3	1
['GCA_105061', 'GCA_105059', 'GCA_105058']	3	3
['GCA_302792']	3	1
['GCA_28488']	3	1
['GCA_216948']	3	1
['GCA_274189']	3	1
['GCA_137385']	3	1
['GCA_288727']	3	1
['GCA_89588']	3	1
['GCA_243274', 'GCA_238241', 'GCA_191131']	3	3
['GCA_131204']	3	1
['GCA_99882']	3	1
['GCA_98781', 'GCA_171804']	3	2
['GCA_150018']	3	1
['GCA_137339']	3	1
['GCA_46677']	3	1
['GCA_252050']	3	1
['GCA_74982']	3	1
['GCA_264940']	3	1
['GCA_211701']	3	1
['GCA_60405']	3	1
['GCA_33082']	3	1
['GCA_29295']	3	1
['GCA_104304']	3	1
['GCA_209302', 'GCA_103981']	3	2
['GCA_54386']	3	1
['GCA_276267']	3	1
['GCA_159862']	3	1
['GCA_39107']	3	1
['GCA_58658', 'GCA_310602', 'GCA_261728', 'GCA_260787', 'GCA_240094', 'GCA_200256']	3	6
['GCA_250288']	3	1
['GCA_202833']	3	1
['GCA_291311']	3	1
['GCA_268422', 'GCA_185339', 'GCA_104966']	3	3
['GCA_278299']	3	1
['GCA_188373']	3	1
['GCA_252239']	3	1
['GCA_145588']	3	1
['GCA_267797']	3	1
['GCA_221696']	3	1
['GCA_291291']	3	1
['GCA_86183', 'GCA_115073']	3	2
['GCA_164165']	3	1
['GCA_131462']	3	1
['GCA_149436']	3	1
['GCA_213481']	3	1
['GCA_238964']	3	1
['GCA_160868']	3	1
['GCA_179356']	3	1
['GCA_133096']	3	1
['GCA_184006']	3	1
['GCA_40209']	3	1
['GCA_215975']	2	1
['GCA_169434']	2	1
['GCA_128923']	2	1
['GCA_91089']	2	1
['GCA_263632', 'GCA_125385']	2	2
['GCA_312772']	2	1
['GCA_318006']	2	1
['GCA_184983']	2	1
['GCA_179060']	2	1
['GCA_184959']	2	1
['GCA_316802', 'GCA_278838']	2	2
['GCA_266234']	2	1
['GCA_237356']	2	1
['GCA_301406']	2	1
['GCA_12744']	2	1
['GCA_112315']	2	1
['GCA_33156']	2	1
['GCA_120700']	2	1
['GCA_307860']	2	1
['GCA_135587']	2	1
['GCA_11494']	2	1
['GCA_214430']	2	1
['GCA_125010']	2	1
['GCA_183369']	2	1
['GCA_215431']	2	1
['GCA_250211']	2	1
['GCA_257306']	2	1
['GCA_132411']	2	1
['GCA_133204']	2	1
['GCA_175008']	2	1
['GCA_120060']	2	1
['GCA_266718']	2	1
['GCA_135197']	2	1
['GCA_79842']	2	1
['GCA_173566']	2	1
['GCA_133871']	2	1
['GCA_106252']	2	1
['GCA_89548']	2	1
['GCA_253600']	2	1
['GCA_239954']	2	1
['GCA_262407']	2	1
['GCA_35602']	2	1
['GCA_193324']	2	1
['GCA_86519']	2	1
['GCA_137352']	2	1
['GCA_139421']	2	1
['GCA_163554']	2	1
['GCA_42316']	2	1
['GCA_95483']	2	1
['GCA_164097']	2	1
['GCA_318790']	2	1
['GCA_157979', 'GCA_157978']	2	2
['GCA_97268']	2	1
['GCA_173235']	2	1
['GCA_104542']	2	1
['GCA_280686']	2	1
['GCA_105889']	2	1
['GCA_90446']	2	1
['GCA_303072']	2	1
['GCA_149874']	2	1
['GCA_306616']	2	1
['GCA_23903']	2	1
['GCA_175473']	2	1
['GCA_251506']	2	1
['GCA_119756']	2	1
['GCA_263091']	2	1
['GCA_88144']	2	1
['GCA_1291']	2	1
['GCA_184567']	2	1
['GCA_125182']	2	1
['GCA_315411']	2	1
['GCA_187443']	2	1
['GCA_294536']	2	1
['GCA_36706']	2	1
['GCA_155367', 'GCA_155366']	2	2
['GCA_69689']	2	1
['GCA_188371']	2	1
['GCA_123260']	2	1
['GCA_68850']	2	1
['GCA_197510']	2	1
['GCA_289912', 'GCA_14806']	2	2
['GCA_46877']	2	1
['GCA_3800', 'GCA_248397']	2	2
['GCA_301262']	2	1
['GCA_294233']	2	1
['GCA_147967']	2	1
['GCA_128701']	2	1
['GCA_120942']	2	1
['GCA_81005']	2	1
['GCA_164504']	2	1
['GCA_239509']	2	1
['GCA_165466']	2	1
['GCA_146635']	2	1
['GCA_94850', 'GCA_297628', 'GCA_232033']	2	3
['GCA_290508']	2	1
['GCA_291624', 'GCA_100546']	2	2
['GCA_222057']	2	1
['GCA_228136']	2	1
['GCA_247520']	2	1
['GCA_245210']	2	1
['GCA_216088']	2	1
['GCA_306255']	2	1
['GCA_86991']	2	1
['GCA_108925']	2	1
['GCA_170231']	2	1
['GCA_314683']	2	1
['GCA_208862', 'GCA_208861']	2	2
['GCA_3619', 'GCA_135944']	2	2
['GCA_220380']	2	1
['GCA_241417']	2	1
['GCA_212212']	2	1
['GCA_175155']	2	1
['GCA_249832']	2	1
['GCA_312391']	2	1
['GCA_244114']	2	1
['GCA_104456']	2	1
['GCA_145157']	2	1
['GCA_134793', 'GCA_134790']	2	2
['GCA_171918']	2	1
['GCA_233431']	2	1
['GCA_115063']	2	1
['GCA_116789']	2	1
['GCA_278153']	2	1
['GCA_112526']	2	1
['GCA_96369']	2	1
['GCA_168466']	2	1
['GCA_194823']	2	1
['GCA_142557']	2	1
['GCA_94501']	2	1
['GCA_272145']	2	1
['GCA_153703']	2	1
['GCA_130835']	2	1
['GCA_125572']	2	1
['GCA_86311']	2	1
['GCA_305161']	2	1
['GCA_42049', 'GCA_290085', 'GCA_186219']	2	3
['GCA_170423']	2	1
['GCA_137397']	2	1
['GCA_35772']	2	1
['GCA_218114', 'GCA_162583']	2	2
['GCA_165275']	2	1
['GCA_284412']	2	1
['GCA_7585']	2	1
['GCA_268934']	2	1
['GCA_148483']	2	1
['GCA_286890']	2	1
['GCA_171422']	2	1
['GCA_142726']	2	1
['GCA_146163']	2	1
['GCA_15631']	2	1
['GCA_161777']	2	1
['GCA_99047']	2	1
['GCA_218290']	2	1
['GCA_5203', 'GCA_5200', 'GCA_102667', 'GCA_102666']	2	4
['GCA_222426']	2	1
['GCA_300212']	2	1
['GCA_265304']	2	1
['GCA_94225']	2	1
['GCA_137727']	2	1
['GCA_226990', 'GCA_139187']	2	2
['GCA_124875']	2	1
['GCA_139492']	2	1
['GCA_147061']	2	1
['GCA_130984']	2	1
['GCA_197829']	2	1
['GCA_200630']	2	1
['GCA_141567', 'GCA_141566']	2	2
['GCA_47995']	2	1
['GCA_1352']	2	1
['GCA_70166']	2	1
['GCA_124731']	2	1
['GCA_93379', 'GCA_210517', 'GCA_128353']	2	3
['GCA_180606']	2	1
['GCA_269212']	2	1
['GCA_101311']	2	1
['GCA_239996', 'GCA_101460']	2	2
['GCA_304161']	2	1
['GCA_152016', 'GCA_152010']	2	2
['GCA_275216']	2	1
['GCA_303501']	2	1
['GCA_60680']	2	1
['GCA_306565']	2	1
['GCA_214695']	2	1
['GCA_220830']	2	1
['GCA_93831']	2	1
['GCA_184010']	2	1
['GCA_111410']	2	1
['GCA_255898', 'GCA_240806', 'GCA_105009']	2	3
['GCA_127189']	2	1
['GCA_226762']	2	1
['GCA_140986']	2	1
['GCA_203994']	2	1
['GCA_151153']	2	1
['GCA_113287']	2	1
['GCA_130772']	2	1
['GCA_258567']	2	1
['GCA_225898']	2	1
['GCA_140807', 'GCA_140806']	2	2
['GCA_108053']	2	1
['GCA_104873']	2	1
['GCA_207926', 'GCA_165068']	2	2
['GCA_206020']	2	1
['GCA_252126']	2	1
['GCA_301367']	2	1
['GCA_130591']	2	1
['GCA_157007']	2	1
['GCA_136303']	2	1
['GCA_292106']	2	1
['GCA_162250']	2	1
['GCA_136216']	2	1
['GCA_97387']	2	1
['GCA_112045']	2	1
['GCA_37235', 'GCA_37233']	2	2
['GCA_14463']	2	1
['GCA_86579']	2	1
['GCA_97331']	2	1
['GCA_316587']	2	1
['GCA_149563']	2	1
['GCA_259931']	2	1
['GCA_230457']	2	1
['GCA_242081']	2	1
['GCA_163988']	2	1
['GCA_131216']	2	1
['GCA_316314', 'GCA_195324', 'GCA_170773', 'GCA_108249']	2	4
['GCA_90501', 'GCA_158325']	2	2
['GCA_234362']	2	1
['GCA_181494', 'GCA_142010']	2	2
['GCA_156406']	2	1
['GCA_138015']	2	1
['GCA_224600', 'GCA_20197', 'GCA_181203', 'GCA_146707']	2	4
['GCA_100647']	2	1
['GCA_124431']	2	1
['GCA_303252']	2	1
['GCA_258376']	2	1
['GCA_95129', 'GCA_272300', 'GCA_253522']	2	3
['GCA_196584', 'GCA_196583']	2	2
['GCA_219065']	2	1
['GCA_153918']	2	1
['GCA_141846']	2	1
['GCA_152604']	2	1
['GCA_183426']	2	1
['GCA_89419']	2	1
['GCA_242500']	2	1
['GCA_135402']	2	1
['GCA_211243']	2	1
['GCA_5438']	2	1
['GCA_112486']	2	1
['GCA_161833']	2	1
['GCA_170285', 'GCA_108025']	2	2
['GCA_146740']	2	1
['GCA_95707']	2	1
['GCA_94965']	2	1
['GCA_103009', 'GCA_103007']	2	2
['GCA_107844']	2	1
['GCA_31939']	2	1
['GCA_266758', 'GCA_14377']	2	2
['GCA_116932']	2	1
['GCA_173368']	2	1
['GCA_133445']	2	1
['GCA_119119']	2	1
['GCA_130741']	2	1
['GCA_289047']	2	1
['GCA_170013']	2	1
['GCA_106340']	2	1
['GCA_246304']	2	1
['GCA_149168']	2	1
['GCA_27916']	2	1
['GCA_228364']	2	1
['GCA_235990']	2	1
['GCA_194535', 'GCA_163462']	2	2
['GCA_150398']	2	1
['GCA_216072']	2	1
['GCA_96300']	2	1
['GCA_124694']	2	1
['GCA_186736']	2	1
['GCA_214212']	2	1
['GCA_194755', 'GCA_115373']	2	2
['GCA_250673', 'GCA_145792']	2	2
['GCA_296878']	2	1
['GCA_125577']	2	1
['GCA_184050']	2	1
['GCA_138422']	2	1
['GCA_118221']	2	1
['GCA_94932']	2	1
['GCA_260836']	2	1
['GCA_240439']	2	1
['GCA_152676']	2	1
['GCA_23998']	2	1
['GCA_252842']	2	1
['GCA_155843']	2	1
['GCA_1018']	2	1
['GCA_210069']	2	1
['GCA_279573']	2	1
['GCA_52939', 'GCA_52937', 'GCA_201334', 'GCA_201333']	2	4
['GCA_185967']	2	1
['GCA_319146']	2	1
['GCA_295309']	2	1
['GCA_298622', 'GCA_184208']	2	2
['GCA_209839']	2	1
['GCA_152386']	2	1
['GCA_120084']	2	1
['GCA_244', 'GCA_160147', 'GCA_107215']	2	3
['GCA_184932', 'GCA_158048', 'GCA_109034']	2	3
['GCA_236149']	2	1
['GCA_1532']	2	1
['GCA_197067', 'GCA_165331']	2	2
['GCA_188518', 'GCA_188517', 'GCA_188516', 'GCA_103537', 'GCA_103536', 'GCA_103535']	2	6
['GCA_227025']	2	1
['GCA_291736']	2	1
['GCA_232791']	2	1
['GCA_40992']	2	1
['GCA_298996', 'GCA_270111', 'GCA_171830']	2	3
['GCA_228130']	2	1
['GCA_310970']	2	1
['GCA_265483']	2	1
['GCA_189154']	2	1
['GCA_86518']	2	1
['GCA_90028']	2	1
['GCA_285069']	2	1
['GCA_240128']	2	1
['GCA_190167']	2	1
['GCA_79053']	2	1
['GCA_118449', 'GCA_118448']	2	2
['GCA_251725']	2	1
['GCA_138998']	2	1
['GCA_276900']	2	1
['GCA_256389']	2	1
['GCA_163198', 'GCA_117315']	2	2
['GCA_120323']	2	1
['GCA_21585']	2	1
['GCA_57633']	2	1
['GCA_98753', 'GCA_233030', 'GCA_208204']	2	3
['GCA_64219']	2	1
['GCA_147015']	2	1
['GCA_134493']	2	1
['GCA_70344']	2	1
['GCA_255904']	2	1
['GCA_22325', 'GCA_22324']	2	2
['GCA_97306']	2	1
['GCA_256887']	2	1
['GCA_195742']	2	1
['GCA_92783', 'GCA_254614', 'GCA_185954', 'GCA_154004']	2	4
['GCA_189825']	2	1
['GCA_76715']	2	1
['GCA_84345']	2	1
['GCA_90710', 'GCA_39700', 'GCA_283780', 'GCA_198177', 'GCA_117187']	2	5
['GCA_268822']	2	1
['GCA_56390']	2	1
['GCA_268881']	2	1
['GCA_262883']	2	1
['GCA_242537']	2	1
['GCA_275886', 'GCA_275885']	2	2
['GCA_148369', 'GCA_148368']	2	2
['GCA_74702', 'GCA_313405']	2	2
['GCA_27586']	2	1
['GCA_261454']	2	1
['GCA_242388']	2	1
['GCA_273708']	2	1
['GCA_135103', 'GCA_135100']	2	2
['GCA_192050', 'GCA_107716']	2	2
['GCA_50515']	2	1
['GCA_152779']	2	1
['GCA_260482']	2	1
['GCA_234404']	2	1
['GCA_168529']	2	1
['GCA_65636']	2	1
['GCA_239180']	2	1
['GCA_314296']	2	1
['GCA_107496']	2	1
['GCA_57495']	2	1
['GCA_66489']	2	1
['GCA_156990']	2	1
['GCA_28950']	2	1
['GCA_120537']	2	1
['GCA_11340']	2	1
['GCA_273901']	2	1
['GCA_93690', 'GCA_215300']	2	2
['GCA_27607', 'GCA_27604']	2	2
['GCA_267868']	2	1
['GCA_7040']	2	1
['GCA_24526']	2	1
['GCA_221787']	2	1
['GCA_98827']	2	1
['GCA_174669']	2	1
['GCA_292330']	2	1
['GCA_214386']	2	1
['GCA_87165']	2	1
['GCA_190970']	2	1
['GCA_216971']	2	1
['GCA_188669']	2	1
['GCA_239336']	2	1
['GCA_180724']	2	1
['GCA_228276']	2	1
['GCA_168262']	2	1
['GCA_296102']	2	1
['GCA_18509']	2	1
['GCA_133998']	2	1
['GCA_166475']	2	1
['GCA_114212']	2	1
['GCA_207356']	2	1
['GCA_131643']	2	1
['GCA_285159']	2	1
['GCA_317985', 'GCA_317984']	2	2
['GCA_186006']	2	1
['GCA_92462']	2	1
['GCA_269322']	2	1
['GCA_266369']	2	1
['GCA_179155', 'GCA_169625']	2	2
['GCA_311025']	2	1
['GCA_145543']	2	1
['GCA_171926']	2	1
['GCA_265287']	2	1
['GCA_274448']	2	1
['GCA_139448']	2	1
['GCA_170205']	2	1
['GCA_302743']	2	1
['GCA_162049']	2	1
['GCA_201069']	2	1
['GCA_230523']	2	1
['GCA_132999']	2	1
['GCA_147877']	2	1
['GCA_213376']	2	1
['GCA_184044']	2	1
['GCA_209108']	2	1
['GCA_310494']	2	1
['GCA_218044']	2	1
['GCA_94649']	2	1
['GCA_253299']	2	1
['GCA_133295']	2	1
['GCA_272272']	2	1
['GCA_26523', 'GCA_26519']	2	2
['GCA_160613']	2	1
['GCA_88148']	2	1
['GCA_229337']	2	1
['GCA_227360']	2	1
['GCA_60435']	2	1
['GCA_17924']	2	1
['GCA_15121']	2	1
['GCA_235408']	2	1
['GCA_179739']	2	1
['GCA_79915']	2	1
['GCA_217037']	2	1
['GCA_157372']	2	1
['GCA_218593']	2	1
['GCA_297755']	2	1
['GCA_285850']	2	1
['GCA_184211']	2	1
['GCA_224771']	2	1
['GCA_307943', 'GCA_191598', 'GCA_112261']	2	3
['GCA_227447']	2	1
['GCA_261347']	2	1
['GCA_103419']	2	1
['GCA_183658']	2	1
['GCA_2356']	2	1
['GCA_261478']	2	1
['GCA_115624']	2	1
['GCA_117070']	2	1
['GCA_247831']	2	1
['GCA_22773']	2	1
['GCA_308947']	2	1
['GCA_281299']	2	1
['GCA_271559', 'GCA_138823']	2	2
['GCA_172139']	2	1
['GCA_315050', 'GCA_315049']	2	2
['GCA_318950']	2	1
['GCA_240762']	2	1
['GCA_294068']	2	1
['GCA_294782']	2	1
['GCA_266011']	2	1
['GCA_136924']	2	1
['GCA_309610', 'GCA_174259', 'GCA_148827']	2	3
['GCA_119854']	2	1
['GCA_230875']	2	1
['GCA_133924']	2	1
['GCA_156290']	2	1
['GCA_123497']	2	1
['GCA_313537', 'GCA_279617', 'GCA_27750', 'GCA_107325']	2	4
['GCA_119569']	2	1
['GCA_104552']	2	1
['GCA_211148']	2	1
['GCA_99327', 'GCA_259517', 'GCA_200065']	2	3
['GCA_112032']	2	1
['GCA_286012', 'GCA_286011', 'GCA_234170', 'GCA_234169', 'GCA_108892', 'GCA_108891']	2	6
['GCA_265056']	2	1
['GCA_91610']	2	1
['GCA_136774']	2	1
['GCA_107675']	2	1
['GCA_76266', 'GCA_260099', 'GCA_230869', 'GCA_101866']	2	4
['GCA_31261']	2	1
['GCA_148286']	2	1
['GCA_159888']	2	1
['GCA_274937']	2	1
['GCA_311336']	2	1
['GCA_170070']	2	1
['GCA_139481', 'GCA_121648']	2	2
['GCA_56795']	2	1
['GCA_250964', 'GCA_180766']	2	2
['GCA_112266']	2	1
['GCA_129097']	2	1
['GCA_182345', 'GCA_154604', 'GCA_138171']	2	3
['GCA_89818', 'GCA_40708']	2	2
['GCA_106810']	2	1
['GCA_41710']	2	1
['GCA_98949', 'GCA_276583']	2	2
['GCA_152205', 'GCA_108790']	2	2
['GCA_183859']	2	1
['GCA_222831']	2	1
['GCA_195757']	2	1
['GCA_233785']	2	1
['GCA_251591']	2	1
['GCA_285753']	2	1
['GCA_113135']	2	1
['GCA_265048']	2	1
['GCA_64343']	2	1
['GCA_239150']	2	1
['GCA_284547']	2	1
['GCA_147156', 'GCA_137796']	2	2
['GCA_298709', 'GCA_157308', 'GCA_137875']	2	3
['GCA_168803']	2	1
['GCA_271615', 'GCA_143034']	2	2
['GCA_170374']	2	1
['GCA_84571', 'GCA_84569', 'GCA_319536', 'GCA_295396', 'GCA_295395', 'GCA_200474', 'GCA_200473']	2	7
['GCA_213850']	2	1
['GCA_179736']	2	1
['GCA_71322']	2	1
['GCA_78641', 'GCA_268807', 'GCA_182568', 'GCA_144867']	2	4
['GCA_103586']	2	1
['GCA_131427']	2	1
['GCA_236017']	2	1
['GCA_43599', 'GCA_126331']	2	2
['GCA_124203', 'GCA_124198']	2	2
['GCA_84986']	2	1
['GCA_205478']	2	1
['GCA_157906']	2	1
['GCA_58183']	2	1
['GCA_125725', 'GCA_125723']	2	2
['GCA_69704']	2	1
['GCA_157770']	2	1
['GCA_96903', 'GCA_310318', 'GCA_223512', 'GCA_209337', 'GCA_121863', 'GCA_108938']	2	6
['GCA_180283']	2	1
['GCA_158940']	2	1
['GCA_258711']	2	1
['GCA_68985']	2	1
['GCA_298203']	2	1
['GCA_171584']	2	1
['GCA_301479', 'GCA_301479']	2	2
['GCA_180488', 'GCA_103398']	2	2
['GCA_40505', 'GCA_40493', 'GCA_266991']	2	3
['GCA_294591']	2	1
['GCA_196094']	2	1
['GCA_93629']	2	1
['GCA_59670']	2	1
['GCA_284652']	2	1
['GCA_33750', 'GCA_272574']	2	2
['GCA_94878']	2	1
['GCA_234258']	2	1
['GCA_65479']	2	1
['GCA_134272']	2	1
['GCA_146170']	2	1
['GCA_135955', 'GCA_125778']	2	2
['GCA_288723']	2	1
['GCA_43498']	2	1
['GCA_21765']	2	1
['GCA_131454']	2	1
['GCA_129812']	2	1
['GCA_49190']	2	1
['GCA_82003', 'GCA_82002']	2	2
['GCA_122846']	2	1
['GCA_147723']	2	1
['GCA_92646', 'GCA_170293']	2	2
['GCA_192362']	2	1
['GCA_192193']	2	1
['GCA_294862']	2	1
['GCA_280432']	2	1
['GCA_99532']	2	1
['GCA_280770']	2	1
['GCA_296708', 'GCA_296707']	2	2
['GCA_230081']	2	1
['GCA_101322']	2	1
['GCA_289028']	2	1
['GCA_286375', 'GCA_238421']	2	2
['GCA_309539']	2	1
['GCA_139962']	2	1
['GCA_311841', 'GCA_283916']	2	2
['GCA_134416']	2	1
['GCA_204019', 'GCA_204017']	2	2
['GCA_127349']	2	1
['GCA_314681']	2	1
['GCA_124167']	2	1
['GCA_297178']	2	1
['GCA_115677']	2	1
['GCA_140082', 'GCA_135480']	2	2
['GCA_155986']	2	1
['GCA_210539']	2	1
['GCA_185486']	2	1
['GCA_43393']	2	1
['GCA_99340']	2	1
['GCA_308529', 'GCA_117871']	2	2
['GCA_109899']	2	1
['GCA_139274']	2	1
['GCA_109619']	2	1
['GCA_138387']	2	1
['GCA_115070']	2	1
['GCA_195627']	2	1
['GCA_162740']	2	1
['GCA_119715']	2	1
['GCA_130618']	2	1
['GCA_288702', 'GCA_192716']	2	2
['GCA_170129']	2	1
['GCA_252145']	2	1
['GCA_152478']	2	1
['GCA_8554']	2	1
['GCA_297437']	2	1
['GCA_106423']	2	1
['GCA_138278']	2	1
['GCA_211726', 'GCA_15677']	2	2
['GCA_250888']	2	1
['GCA_173786']	2	1
['GCA_233185', 'GCA_104725']	2	2
['GCA_243637']	2	1
['GCA_252571']	2	1
['GCA_23947']	2	1
['GCA_93031']	2	1
['GCA_48834', 'GCA_276177']	2	2
['GCA_229343']	2	1
['GCA_181191']	2	1
['GCA_95887']	2	1
['GCA_253547']	2	1
['GCA_260523']	2	1
['GCA_305138']	2	1
['GCA_150311']	2	1
['GCA_97354']	2	1
['GCA_227470']	2	1
['GCA_137222', 'GCA_137219', 'GCA_137218']	2	3
['GCA_295603']	2	1
['GCA_277175']	1	1
['GCA_212274']	1	1
['GCA_152560']	1	1
['GCA_192338']	1	1
['GCA_298411']	1	1
['GCA_149491']	1	1
['GCA_130315']	1	1
['GCA_228436']	1	1
['GCA_201327']	1	1
['GCA_109172']	1	1
['GCA_48336']	1	1
['GCA_217661']	1	1
['GCA_164399']	1	1
['GCA_167894']	1	1
['GCA_191305', 'GCA_191305']	1	2
['GCA_313790']	1	1
['GCA_192526']	1	1
['GCA_96298']	1	1
['GCA_234987', 'GCA_234986']	1	2
['GCA_8297']	1	1
['GCA_224108']	1	1
['GCA_289132']	1	1
['GCA_142958']	1	1
['GCA_295559']	1	1
['GCA_243694']	1	1
['GCA_139351']	1	1
['GCA_209049']	1	1
['GCA_170199']	1	1
['GCA_222640']	1	1
['GCA_232843']	1	1
['GCA_196901']	1	1
['GCA_240343']	1	1
['GCA_140091']	1	1
['GCA_132067']	1	1
['GCA_283482']	1	1
['GCA_95821', 'GCA_185737', 'GCA_129509']	1	3
['GCA_283228']	1	1
['GCA_141421']	1	1
['GCA_223341']	1	1
['GCA_315440']	1	1
['GCA_98025']	1	1
['GCA_150556']	1	1
['GCA_182453']	1	1
['GCA_265282']	1	1
['GCA_296620']	1	1
['GCA_250349']	1	1
['GCA_271608']	1	1
['GCA_116919']	1	1
['GCA_315626']	1	1
['GCA_275748']	1	1
['GCA_159564']	1	1
['GCA_291293']	1	1
['GCA_152885']	1	1
['GCA_130720']	1	1
['GCA_270093']	1	1
['GCA_268442']	1	1
['GCA_251189']	1	1
['GCA_262812']	1	1
['GCA_154728']	1	1
['GCA_232648']	1	1
['GCA_289781', 'GCA_289779']	1	2
['GCA_141459']	1	1
['GCA_277865']	1	1
['GCA_117755']	1	1
['GCA_123784']	1	1
['GCA_174747']	1	1
['GCA_89316', 'GCA_277299', 'GCA_117094']	1	3
['GCA_280892']	1	1
['GCA_202880']	1	1
['GCA_138968']	1	1
['GCA_116350']	1	1
['GCA_141195']	1	1
['GCA_120166']	1	1
['GCA_259488']	1	1
['GCA_125899']	1	1
['GCA_263909']	1	1
['GCA_195160']	1	1
['GCA_243268']	1	1
['GCA_225314', 'GCA_187977']	1	2
['GCA_266898']	1	1
['GCA_228464', 'GCA_158989']	1	2
['GCA_47726']	1	1
['GCA_5159']	1	1
['GCA_316602']	1	1
['GCA_25662']	1	1
['GCA_151969']	1	1
['GCA_93976']	1	1
['GCA_247757']	1	1
['GCA_271966']	1	1
['GCA_252207']	1	1
['GCA_223065', 'GCA_130088']	1	2
['GCA_304497']	1	1
['GCA_169403']	1	1
['GCA_90841']	1	1
['GCA_258818']	1	1
['GCA_279461']	1	1
['GCA_281975', 'GCA_281972']	1	2
['GCA_217064']	1	1
['GCA_180777']	1	1
['GCA_154533']	1	1
['GCA_194490']	1	1
['GCA_291686']	1	1
['GCA_30267']	1	1
['GCA_279576']	1	1
['GCA_119226']	1	1
['GCA_277990']	1	1
['GCA_85422']	1	1
['GCA_144631']	1	1
['GCA_139069']	1	1
['GCA_237849']	1	1
['GCA_150539']	1	1
['GCA_157724']	1	1
['GCA_112429']	1	1
['GCA_92118']	1	1
['GCA_254788', 'GCA_118159']	1	2
['GCA_113219']	1	1
['GCA_313454']	1	1
['GCA_24690']	1	1
['GCA_91203', 'GCA_225271']	1	2
['GCA_16829']	1	1
['GCA_169788']	1	1
['GCA_240939', 'GCA_118333']	1	2
['GCA_251329']	1	1
['GCA_242909']	1	1
['GCA_313217']	1	1
['GCA_235710']	1	1
['GCA_187058']	1	1
['GCA_241199', 'GCA_241197']	1	2
['GCA_193563']	1	1
['GCA_245504']	1	1
['GCA_197280']	1	1
['GCA_92960']	1	1
['GCA_166914']	1	1
['GCA_139684', 'GCA_134415']	1	2
['GCA_275628']	1	1
['GCA_152287']	1	1
['GCA_2060']	1	1
['GCA_186042']	1	1
['GCA_148271']	1	1
['GCA_207756']	1	1
['GCA_239874']	1	1
['GCA_298248']	1	1
['GCA_94338']	1	1
['GCA_133071', 'GCA_133070']	1	2
['GCA_141342']	1	1
['GCA_256724']	1	1
['GCA_111889']	1	1
['GCA_178974']	1	1
['GCA_117575']	1	1
['GCA_143622']	1	1
['GCA_151211']	1	1
['GCA_253308']	1	1
['GCA_113684']	1	1
['GCA_193669']	1	1
['GCA_189417', 'GCA_189416']	1	2
['GCA_98959', 'GCA_144862']	1	2
['GCA_105785']	1	1
['GCA_128710', 'GCA_128709']	1	2
['GCA_189643', 'GCA_189642']	1	2
['GCA_271228', 'GCA_271227']	1	2
['GCA_265093']	1	1
['GCA_208262']	1	1
['GCA_197114', 'GCA_148641']	1	2
['GCA_239084']	1	1
['GCA_195928']	1	1
['GCA_202600', 'GCA_19754']	1	2
['GCA_118316']	1	1
['GCA_146979']	1	1
['GCA_194090']	1	1
['GCA_70092', 'GCA_70085']	1	2
['GCA_90237']	1	1
['GCA_89230']	1	1
['GCA_148057', 'GCA_148056']	1	2
['GCA_10952']	1	1
['GCA_224571']	1	1
['GCA_242641']	1	1
['GCA_218596']	1	1
['GCA_125884']	1	1
['GCA_295129']	1	1
['GCA_246944']	1	1
['GCA_173549']	1	1
['GCA_110353']	1	1
['GCA_248164']	1	1
['GCA_238285']	1	1
['GCA_519']	1	1
['GCA_283898']	1	1
['GCA_306834']	1	1
['GCA_269088']	1	1
['GCA_226134']	1	1
['GCA_139682']	1	1
['GCA_36190']	1	1
['GCA_122542']	1	1
['GCA_304852', 'GCA_304851']	1	2
['GCA_289307', 'GCA_281411']	1	2
['GCA_225479']	1	1
['GCA_163202']	1	1
['GCA_112999']	1	1
['GCA_146263']	1	1
['GCA_252333']	1	1
['GCA_181413']	1	1
['GCA_222902']	1	1
['GCA_111900']	1	1
['GCA_230852']	1	1
['GCA_110972']	1	1
['GCA_143146']	1	1
['GCA_278713']	1	1
['GCA_250729']	1	1
['GCA_171574']	1	1
['GCA_217820']	1	1
['GCA_205803']	1	1
['GCA_218551']	1	1
['GCA_264738', 'GCA_264737']	1	2
['GCA_80']	1	1
['GCA_266969']	1	1
['GCA_245922']	1	1
['GCA_148932']	1	1
['GCA_107466']	1	1
['GCA_170746']	1	1
['GCA_290745']	1	1
['GCA_111295']	1	1
['GCA_217745']	1	1
['GCA_162997']	1	1
['GCA_286258']	1	1
['GCA_159385']	1	1
['GCA_36728']	1	1
['GCA_286015']	1	1
['GCA_216593']	1	1
['GCA_285484', 'GCA_170551']	1	2
['GCA_162973']	1	1
['GCA_298999']	1	1
['GCA_249226']	1	1
['GCA_105883']	1	1
['GCA_269499']	1	1
['GCA_274675']	1	1
['GCA_207891']	1	1
['GCA_274626', 'GCA_199893', 'GCA_160488']	1	3
['GCA_233115']	1	1
['GCA_18800']	1	1
['GCA_268097']	1	1
['GCA_223762']	1	1
['GCA_237817']	1	1
['GCA_107400']	1	1
['GCA_130401']	1	1
['GCA_179302', 'GCA_179301']	1	2
['GCA_142920']	1	1
['GCA_171669']	1	1
['GCA_215447']	1	1
['GCA_22181']	1	1
['GCA_271277']	1	1
['GCA_298355']	1	1
['GCA_67970']	1	1
['GCA_136552']	1	1
['GCA_29113']	1	1
['GCA_244449']	1	1
['GCA_80428']	1	1
['GCA_150211']	1	1
['GCA_279136']	1	1
['GCA_130708']	1	1
['GCA_231609']	1	1
['GCA_183305']	1	1
['GCA_269634']	1	1
['GCA_33070']	1	1
['GCA_209794']	1	1
['GCA_313444']	1	1
['GCA_92860']	1	1
['GCA_289018']	1	1
['GCA_80024']	1	1
['GCA_228600']	1	1
['GCA_101083']	1	1
['GCA_89593', 'GCA_89592', 'GCA_116063', 'GCA_116062']	1	4
['GCA_209389']	1	1
['GCA_293091']	1	1
['GCA_283258']	1	1
['GCA_99319']	1	1
['GCA_120179']	1	1
['GCA_36004']	1	1
['GCA_40097']	1	1
['GCA_282974']	1	1
['GCA_137076']	1	1
['GCA_318001']	1	1
['GCA_7207']	1	1
['GCA_87964']	1	1
['GCA_209670']	1	1
['GCA_295151', 'GCA_215205']	1	2
['GCA_30743', 'GCA_142808', 'GCA_108114']	1	3
['GCA_232502']	1	1
['GCA_279512']	1	1
['GCA_281177']	1	1
['GCA_170377']	1	1
['GCA_172068']	1	1
['GCA_126463']	1	1
['GCA_131701']	1	1
['GCA_66701']	1	1
['GCA_221033', 'GCA_111406']	1	2
['GCA_134281', 'GCA_134278']	1	2
['GCA_87214']	1	1
['GCA_164005']	1	1
['GCA_96238']	1	1
['GCA_178497']	1	1
['GCA_52833']	1	1
['GCA_180899']	1	1
['GCA_112330']	1	1
['GCA_278354']	1	1
['GCA_113734']	1	1
['GCA_134529']	1	1
['GCA_218077']	1	1
['GCA_266538']	1	1
['GCA_141832']	1	1
['GCA_140658']	1	1
['GCA_234454']	1	1
['GCA_302898']	1	1
['GCA_155008']	1	1
['GCA_234883', 'GCA_167312']	1	2
['GCA_107567']	1	1
['GCA_53626', 'GCA_222836', 'GCA_121636']	1	3
['GCA_310476', 'GCA_310475']	1	2
['GCA_89426', 'GCA_89425', 'GCA_104983']	1	3
['GCA_283297']	1	1
['GCA_5028']	1	1
['GCA_79940']	1	1
['GCA_263217']	1	1
['GCA_119857', 'GCA_119856']	1	2
['GCA_30920']	1	1
['GCA_175779']	1	1
['GCA_297852']	1	1
['GCA_190410']	1	1
['GCA_149164']	1	1
['GCA_142220', 'GCA_135612']	1	2
['GCA_217297']	1	1
['GCA_262790']	1	1
['GCA_315598']	1	1
['GCA_240220']	1	1
['GCA_211456']	1	1
['GCA_89348', 'GCA_253896', 'GCA_237947']	1	3
['GCA_149624']	1	1
['GCA_83223', 'GCA_171121']	1	2
['GCA_236475']	1	1
['GCA_140818']	1	1
['GCA_151650']	1	1
['GCA_226862']	1	1
['GCA_112720']	1	1
['GCA_245009']	1	1
['GCA_229092']	1	1
['GCA_81656']	1	1
['GCA_178276']	1	1
['GCA_33983']	1	1
['GCA_164684']	1	1
['GCA_283648']	1	1
['GCA_120763']	1	1
['GCA_159634']	1	1
['GCA_9817']	1	1
['GCA_97099', 'GCA_162309']	1	2
['GCA_296301']	1	1
['GCA_115669']	1	1
['GCA_11978']	1	1
['GCA_115588']	1	1
['GCA_131399', 'GCA_131397']	1	2
['GCA_169513']	1	1
['GCA_163409']	1	1
['GCA_234662']	1	1
['GCA_232578']	1	1
['GCA_193542']	1	1
['GCA_160623']	1	1
['GCA_114332']	1	1
['GCA_234835']	1	1
['GCA_179787']	1	1
['GCA_297680']	1	1
['GCA_280776']	1	1
['GCA_277303']	1	1
['GCA_133025']	1	1
['GCA_276032']	1	1
['GCA_216463']	1	1
['GCA_227185', 'GCA_101067']	1	2
['GCA_172360']	1	1
['GCA_318201']	1	1
['GCA_138517']	1	1
['GCA_147500']	1	1
['GCA_40837']	1	1
['GCA_258011']	1	1
['GCA_298202']	1	1
['GCA_157594']	1	1
['GCA_182359']	1	1
['GCA_3421']	1	1
['GCA_225512']	1	1
['GCA_214416']	1	1
['GCA_173446']	1	1
['GCA_167126']	1	1
['GCA_234679']	1	1
['GCA_214915']	1	1
['GCA_135202']	1	1
['GCA_136048']	1	1
['GCA_301479']	1	1
['GCA_170058']	1	1
['GCA_96998']	1	1
['GCA_129269']	1	1
['GCA_273026']	1	1
['GCA_203887']	1	1
['GCA_64056']	1	1
['GCA_261924']	1	1
['GCA_299646']	1	1
['GCA_219609']	1	1
['GCA_130241']	1	1
['GCA_182388']	1	1
['GCA_299762']	1	1
['GCA_203646']	1	1
['GCA_147712']	1	1
['GCA_129316', 'GCA_112265']	1	2
['GCA_170831']	1	1
['GCA_107149']	1	1
['GCA_283860']	1	1
['GCA_269852']	1	1
['GCA_210264']	1	1
['GCA_129862']	1	1
['GCA_269036']	1	1
['GCA_207843']	1	1
['GCA_306648', 'GCA_298614', 'GCA_169459', 'GCA_115419', 'GCA_114150']	1	5
['GCA_195517']	1	1
['GCA_153117']	1	1
['GCA_40745']	1	1
['GCA_86637']	1	1
['GCA_139189']	1	1
['GCA_216311']	1	1
['GCA_302925']	1	1
['GCA_217603']	1	1
['GCA_312566', 'GCA_115703']	1	2
['GCA_246246']	1	1
['GCA_168237']	1	1
['GCA_202408']	1	1
['GCA_130419']	1	1
['GCA_104957']	1	1
['GCA_192954']	1	1
['GCA_252999']	1	1
['GCA_124727']	1	1
['GCA_144144']	1	1
['GCA_228596']	1	1
['GCA_105165']	1	1
['GCA_206311']	1	1
['GCA_94074']	1	1
['GCA_171566']	1	1
['GCA_241540']	1	1
['GCA_116276']	1	1
['GCA_245534', 'GCA_127336']	1	2
['GCA_196644']	1	1
['GCA_25953']	1	1
['GCA_265224', 'GCA_265219']	1	2
['GCA_166490']	1	1
['GCA_116786']	1	1
['GCA_282375']	1	1
['GCA_147308']	1	1
['GCA_156246']	1	1
['GCA_162770']	1	1
['GCA_270929']	1	1
['GCA_278357']	1	1
['GCA_288809']	1	1
['GCA_110619']	1	1
['GCA_153984']	1	1
['GCA_255025']	1	1
['GCA_151477']	1	1
['GCA_135896']	1	1
['GCA_158609', 'GCA_158607']	1	2
['GCA_259043']	1	1
['GCA_103527']	1	1
['GCA_255584']	1	1
['GCA_190375', 'GCA_190373']	1	2
['GCA_283074', 'GCA_283073']	1	2
['GCA_127608']	1	1
['GCA_266261', 'GCA_205359']	1	2
['GCA_285504']	1	1
['GCA_107221']	1	1
['GCA_273790']	1	1
['GCA_183993']	1	1
['GCA_191552']	1	1
['GCA_170030']	1	1
['GCA_162724']	1	1
['GCA_301225']	1	1
['GCA_260880']	1	1
['GCA_286740']	1	1
['GCA_171651']	1	1
['GCA_314464']	1	1
['GCA_150349']	1	1
['GCA_131536']	1	1
['GCA_36183']	1	1
['GCA_308926', 'GCA_308924']	1	2
['GCA_101052']	1	1
['GCA_161637']	1	1
['GCA_253195']	1	1
['GCA_276254']	1	1
['GCA_57650', 'GCA_57647', 'GCA_264049', 'GCA_161700', 'GCA_157827']	1	5
['GCA_309985']	1	1
['GCA_238483']	1	1
['GCA_99892']	1	1
['GCA_225031']	1	1
['GCA_282729']	1	1
['GCA_306815', 'GCA_295967', 'GCA_180580', 'GCA_180578']	1	4
['GCA_248373']	1	1
['GCA_250032']	1	1
['GCA_278517']	1	1
['GCA_246945']	1	1
['GCA_135151']	1	1
['GCA_126538']	1	1
['GCA_239284', 'GCA_130557']	1	2
['GCA_106670']	1	1
['GCA_97974']	1	1
['GCA_102159']	1	1
['GCA_319534']	1	1
['GCA_167149']	1	1
['GCA_112953']	1	1
['GCA_106866', 'GCA_106864']	1	2
['GCA_305495']	1	1
['GCA_222623']	1	1
['GCA_282354']	1	1
['GCA_182484']	1	1
['GCA_107418']	1	1
['GCA_90218']	1	1
['GCA_87217', 'GCA_317146']	1	2
['GCA_147515']	1	1
['GCA_142820']	1	1
['GCA_153166']	1	1
['GCA_24767']	1	1
['GCA_307566']	1	1
['GCA_266893']	1	1
['GCA_174527']	1	1
['GCA_111422', 'GCA_111420', 'GCA_111419']	1	3
['GCA_219132', 'GCA_169768', 'GCA_131687']	1	3
['GCA_106031']	1	1
['GCA_183712']	1	1
['GCA_182435']	1	1
['GCA_171761']	1	1
['GCA_250060']	1	1
['GCA_297661', 'GCA_297661', 'GCA_297661']	1	3
['GCA_300012']	1	1
['GCA_266158']	1	1
['GCA_319381']	1	1
['GCA_169828']	1	1
['GCA_215662']	1	1
['GCA_175015']	1	1
['GCA_291419']	1	1
['GCA_200601', 'GCA_10667']	1	2
['GCA_90274']	1	1
['GCA_2337']	1	1
['GCA_137006']	1	1
['GCA_226216']	1	1
['GCA_92513']	1	1
['GCA_248343']	1	1
['GCA_132051']	1	1
['GCA_183878']	1	1
['GCA_30173', 'GCA_300081']	1	2
['GCA_227813']	1	1
['GCA_306886']	1	1
['GCA_157537']	1	1
['GCA_307829', 'GCA_187062']	1	2
['GCA_121625']	1	1
['GCA_170301']	1	1
['GCA_306698', 'GCA_303622', 'GCA_134180']	1	3
['GCA_241740']	1	1
['GCA_139038']	1	1
['GCA_241492']	1	1
['GCA_259975', 'GCA_259974']	1	2
['GCA_116388']	1	1
['GCA_250466']	1	1
['GCA_136438']	1	1
['GCA_248641']	1	1
['GCA_143989', 'GCA_143987']	1	2
['GCA_227039']	1	1
['GCA_246521']	1	1
['GCA_312419']	1	1
['GCA_139285']	1	1
['GCA_294599', 'GCA_158401']	1	2
['GCA_92755']	1	1
['GCA_287916']	1	1
['GCA_227056']	1	1
['GCA_114632']	1	1
['GCA_286548']	1	1
['GCA_120171']	1	1
['GCA_223280']	1	1
['GCA_294701', 'GCA_294700']	1	2
['GCA_240291']	1	1
['GCA_208638']	1	1
['GCA_30416']	1	1
['GCA_209819']	1	1
['GCA_268059']	1	1
['GCA_290391', 'GCA_263873', 'GCA_138603']	1	3
['GCA_90696']	1	1
['GCA_146751']	1	1
['GCA_240165', 'GCA_209125']	1	2
['GCA_219422']	1	1
['GCA_37816', 'GCA_104915']	1	2
['GCA_128256']	1	1
['GCA_219403']	1	1
['GCA_311108']	1	1
['GCA_115376']	1	1
['GCA_134874']	1	1
['GCA_238115']	1	1
['GCA_51961']	1	1
['GCA_290861']	1	1
['GCA_171136']	1	1
['GCA_186129', 'GCA_179490']	1	2
['GCA_170307']	1	1
['GCA_314376']	1	1
['GCA_109597']	1	1
['GCA_194463']	1	1
['GCA_189220']	1	1
['GCA_280723']	1	1
['GCA_86736']	1	1
['GCA_216643']	1	1
['GCA_276087']	1	1
['GCA_130279']	1	1
['GCA_183285']	1	1
['GCA_111186']	1	1
['GCA_179072']	1	1
['GCA_193743']	1	1
['GCA_40411']	1	1
['GCA_295655']	1	1
['GCA_209793']	1	1
['GCA_220969']	1	1
['GCA_270833']	1	1
['GCA_8467']	1	1
['GCA_303358']	1	1
['GCA_111628', 'GCA_111627']	1	2
['GCA_139637', 'GCA_139634']	1	2
['GCA_127876']	1	1
['GCA_202945']	1	1
['GCA_294955', 'GCA_294952']	1	2
['GCA_230876']	1	1
['GCA_124938']	1	1
['GCA_178916']	1	1
['GCA_291120']	1	1
['GCA_133456']	1	1
['GCA_132346']	1	1
['GCA_277224']	1	1
['GCA_152519']	1	1
['GCA_298944']	1	1
['GCA_117359']	1	1
['GCA_90867']	1	1
['GCA_91910']	1	1
['GCA_141894']	1	1
['GCA_110155']	1	1
['GCA_91386']	1	1
['GCA_216559']	1	1
['GCA_194145']	1	1
['GCA_296521']	1	1
['GCA_265288']	1	1
['GCA_18809']	1	1
['GCA_317288', 'GCA_143650']	1	2
['GCA_304087', 'GCA_217415']	1	2
['GCA_138382']	1	1
['GCA_158594']	1	1
['GCA_173726']	1	1
['GCA_132630', 'GCA_132629']	1	2
['GCA_181555']	1	1
['GCA_200390']	1	1
['GCA_88179']	1	1
['GCA_173414']	1	1
['GCA_222746']	1	1
['GCA_305153']	1	1
['GCA_204196', 'GCA_158733']	1	2
['GCA_92327']	1	1
['GCA_189585']	1	1
['GCA_204761']	1	1
['GCA_201040', 'GCA_18308']	1	2
['GCA_152486']	1	1
['GCA_80214']	1	1
['GCA_53976', 'GCA_259350']	1	2
['GCA_315270']	1	1
['GCA_136120']	1	1
['GCA_227868']	1	1
['GCA_102815']	1	1
['GCA_307167']	1	1
['GCA_154212']	1	1
['GCA_81823']	1	1
['GCA_109106']	1	1
['GCA_107730']	1	1
['GCA_254642']	1	1
['GCA_135301', 'GCA_110023']	1	2
['GCA_285033']	1	1
['GCA_201136']	1	1
['GCA_265120']	1	1
['GCA_156640']	1	1
['GCA_102464']	1	1
['GCA_231481']	1	1
['GCA_111526']	1	1
['GCA_310162']	1	1
['GCA_265135']	1	1
['GCA_59927']	1	1
['GCA_21293']	1	1
['GCA_97889']	1	1
['GCA_215744']	1	1
['GCA_237710']	1	1
['GCA_119277']	1	1
['GCA_218595']	1	1
['GCA_181482']	1	1
['GCA_244047']	1	1
['GCA_290255']	1	1
['GCA_148886']	1	1
['GCA_134360']	1	1
['GCA_175682']	1	1
['GCA_37004']	1	1
['GCA_308872']	1	1
['GCA_141309']	1	1
['GCA_112324']	1	1
['GCA_111346']	1	1
['GCA_288930', 'GCA_288929']	1	2
['GCA_221179']	1	1
['GCA_132207']	1	1
['GCA_116521']	1	1
['GCA_151018']	1	1
['GCA_196480']	1	1
['GCA_92177']	1	1
['GCA_218591']	1	1
['GCA_121437']	1	1
['GCA_179896']	1	1
['GCA_158201']	1	1
['GCA_154166']	1	1
['GCA_52693']	1	1
['GCA_110148']	1	1
['GCA_104744']	1	1
['GCA_172766']	1	1
['GCA_137595']	1	1
['GCA_184658', 'GCA_184656']	1	2
['GCA_264356', 'GCA_264354']	1	2
['GCA_204932']	1	1
['GCA_227831']	1	1
['GCA_188302']	1	1
['GCA_251411']	1	1
['GCA_43140']	1	1
['GCA_282103']	1	1
['GCA_38609']	1	1
['GCA_243094']	1	1
['GCA_190736', 'GCA_190735']	1	2
['GCA_133606']	1	1
['GCA_317161']	1	1
['GCA_109116']	1	1
['GCA_235046']	1	1
['GCA_297148']	1	1
['GCA_169911']	1	1
['GCA_48290']	1	1
['GCA_295512']	1	1
['GCA_278940', 'GCA_146411']	1	2
['GCA_111496']	1	1
['GCA_169348']	1	1
['GCA_222722']	1	1
['GCA_124765']	1	1
['GCA_227788']	1	1
['GCA_64173']	1	1
['GCA_136034']	1	1
['GCA_245614']	1	1
['GCA_209062']	1	1
['GCA_139231']	1	1
['GCA_164596']	1	1
['GCA_304813']	1	1
['GCA_150209']	1	1
['GCA_25419']	1	1
['GCA_184399']	1	1
['GCA_277212']	1	1
['GCA_164577']	1	1
['GCA_10208']	1	1
['GCA_277723']	1	1
['GCA_268986']	1	1
['GCA_46468']	1	1
['GCA_111131']	1	1
['GCA_209032']	1	1
['GCA_149255']	1	1
['GCA_296448']	1	1
['GCA_117140']	1	1
['GCA_308999', 'GCA_151224']	1	2
['GCA_225821']	1	1
['GCA_131559']	1	1
['GCA_71235']	1	1
['GCA_104123']	1	1
['GCA_166989']	1	1
['GCA_146102']	1	1
['GCA_91554', 'GCA_187170', 'GCA_157756']	1	3
['GCA_160788', 'GCA_112203']	1	2
['GCA_221614', 'GCA_21257']	1	2
['GCA_144279']	1	1
['GCA_199100']	1	1
['GCA_113580']	1	1
['GCA_171295']	1	1
['GCA_145906']	1	1
['GCA_294786']	1	1
['GCA_195605']	1	1
['GCA_129314']	1	1
['GCA_293061']	1	1
['GCA_171616']	1	1
['GCA_252754']	1	1
['GCA_38651']	1	1
['GCA_155354']	1	1
['GCA_146388']	1	1
['GCA_259224']	1	1
['GCA_227705']	1	1
['GCA_266334']	1	1
['GCA_131682']	1	1
['GCA_117904']	1	1
['GCA_219702']	1	1
['GCA_209790']	1	1
['GCA_193562']	1	1
['GCA_151886']	1	1
['GCA_143293']	1	1
['GCA_208743']	1	1
['GCA_284372', 'GCA_284371']	1	2
['GCA_111292', 'GCA_111291']	1	2
['GCA_296401']	1	1
['GCA_11388']	1	1
['GCA_251544']	1	1
['GCA_42160']	1	1
['GCA_36068']	1	1
['GCA_188124', 'GCA_188123']	1	2
['GCA_183708']	1	1
['GCA_162753']	1	1
['GCA_175651']	1	1
['GCA_249102']	1	1
['GCA_134683']	1	1
['GCA_301106']	1	1
['GCA_180132']	1	1
['GCA_95610']	1	1
['GCA_279479', 'GCA_171953']	1	2
['GCA_283289']	1	1
['GCA_310901', 'GCA_189541']	1	2
['GCA_66836']	1	1
['GCA_217248']	1	1
['GCA_229448']	1	1
['GCA_213600', 'GCA_167197']	1	2
['GCA_218416']	1	1
['GCA_193398']	1	1
['GCA_219772']	1	1
['GCA_199963']	1	1
['GCA_281100']	1	1
['GCA_262870']	1	1
['GCA_132905']	1	1
['GCA_98268', 'GCA_114844']	1	2
['GCA_150321']	1	1
['GCA_209365']	1	1
['GCA_154382']	1	1
['GCA_269671']	1	1
['GCA_289894']	1	1
['GCA_291941']	1	1
['GCA_180017']	1	1
['GCA_132683']	1	1
['GCA_267187']	1	1
['GCA_220302']	1	1
['GCA_236912']	1	1
['GCA_295390']	1	1
['GCA_117196']	1	1
['GCA_136501']	1	1
['GCA_148440']	1	1
['GCA_319276', 'GCA_190763', 'GCA_144741']	1	3
['GCA_145075']	1	1
['GCA_68603', 'GCA_188082']	1	2
['GCA_36628']	1	1
['GCA_116049']	1	1
['GCA_171273']	1	1
['GCA_282121']	1	1
['GCA_33907']	1	1
['GCA_183188']	1	1
['GCA_242828', 'GCA_122173']	1	2
['GCA_140121']	1	1
['GCA_275839']	1	1
['GCA_148972', 'GCA_148971']	1	2
['GCA_106877']	1	1
['GCA_95851']	1	1
['GCA_129303']	1	1
['GCA_319384']	1	1
['GCA_114811']	1	1
['GCA_32155']	1	1
['GCA_211339']	1	1
['GCA_266665']	1	1
['GCA_267368']	1	1
['GCA_150620']	1	1
['GCA_262500', 'GCA_145149']	1	2
['GCA_137632']	1	1
['GCA_179367']	1	1
['GCA_197361']	1	1
['GCA_147244']	1	1
['GCA_155386']	1	1
['GCA_242583', 'GCA_242577']	1	2
['GCA_178627']	1	1
['GCA_163017']	1	1
['GCA_302574']	1	1
['GCA_269544']	1	1
['GCA_151903']	1	1
['GCA_89702']	1	1
['GCA_240732']	1	1
['GCA_85580']	1	1
['GCA_158725']	1	1
['GCA_22309']	1	1
['GCA_2935']	1	1
['GCA_124361']	1	1
['GCA_97188']	1	1
['GCA_114973']	1	1
['GCA_287783']	1	1
['GCA_137347', 'GCA_137346']	1	2
['GCA_197464']	1	1
['GCA_215116']	1	1
['GCA_185520', 'GCA_183235']	1	2
['GCA_74908']	1	1
['GCA_147250']	1	1
['GCA_170493']	1	1
['GCA_160929']	1	1
['GCA_159129']	1	1
['GCA_29726']	1	1
['GCA_268122']	1	1
['GCA_309664', 'GCA_128622']	1	2
['GCA_69254']	1	1
['GCA_309464']	1	1
['GCA_235229']	1	1
['GCA_132866']	1	1
['GCA_118167']	1	1
['GCA_9855']	1	1
['GCA_309157']	1	1
['GCA_233171']	1	1
['GCA_296440']	1	1
['GCA_92155']	1	1
['GCA_34651', 'GCA_289742']	1	2
['GCA_59010']	1	1
['GCA_129140']	1	1
['GCA_273776']	1	1
['GCA_171220']	1	1
['GCA_161583']	1	1
['GCA_179452']	1	1
['GCA_228583', 'GCA_131710']	1	2
['GCA_216802', 'GCA_216801']	1	2
['GCA_117456']	1	1
['GCA_252529']	1	1
['GCA_56226', 'GCA_254907', 'GCA_224714', 'GCA_173173', 'GCA_133233']	1	5
['GCA_270545']	1	1
['GCA_159298']	1	1
['GCA_230820']	1	1
['GCA_309803']	1	1
['GCA_261099', 'GCA_261098']	1	2
['GCA_42766']	1	1
['GCA_151241']	1	1
['GCA_265747', 'GCA_245122']	1	2
['GCA_246810']	1	1
['GCA_190841', 'GCA_145006']	1	2
['GCA_244794']	1	1
['GCA_280421']	1	1
['GCA_147399']	1	1
['GCA_35354']	1	1
['GCA_301896', 'GCA_241120']	1	2
['GCA_318424']	1	1
['GCA_209981']	1	1
['GCA_183019']	1	1
['GCA_185569']	1	1
['GCA_90200', 'GCA_168794']	1	2
['GCA_315099']	1	1
['GCA_149933', 'GCA_149931']	1	2
['GCA_160388']	1	1
['GCA_57137']	1	1
['GCA_174691']	1	1
['GCA_302966']	1	1
['GCA_202208']	1	1
['GCA_132187']	1	1
['GCA_145557']	1	1
['GCA_148543']	1	1
['GCA_162086']	1	1
['GCA_24505']	1	1
['GCA_177941']	1	1
['GCA_83873']	1	1
['GCA_215757']	1	1
['GCA_98321']	1	1
['GCA_237159']	1	1
['GCA_155992', 'GCA_100011']	1	2
['GCA_146129']	1	1
['GCA_311313']	1	1
['GCA_286204', 'GCA_275334', 'GCA_162172']	1	3
['GCA_94281']	1	1
['GCA_121984']	1	1
['GCA_134310']	1	1
['GCA_169866']	1	1
['GCA_128097']	1	1
['GCA_46068']	1	1
['GCA_151346', 'GCA_13515']	1	2
['GCA_174735']	1	1
['GCA_7124', 'GCA_149743']	1	2
['GCA_254389', 'GCA_137302']	1	2
['GCA_130564']	1	1
['GCA_189904']	1	1
['GCA_170412']	1	1
['GCA_86759', 'GCA_4397', 'GCA_183030', 'GCA_145893']	1	4
['GCA_109085']	1	1
['GCA_86657']	1	1
['GCA_58762']	1	1
['GCA_190875']	1	1
['GCA_170169']	1	1
['GCA_302606']	1	1
['GCA_93495']	1	1
['GCA_259307']	1	1
['GCA_306042']	1	1
['GCA_235222']	1	1
['GCA_116175']	1	1
['GCA_316709']	1	1
['GCA_204817']	1	1
['GCA_128927']	1	1
['GCA_211367']	1	1
['GCA_121271']	1	1
['GCA_99671', 'GCA_70960']	1	2
['GCA_169519', 'GCA_161737']	1	2
['GCA_62235']	1	1
['GCA_178826']	1	1
['GCA_89116']	1	1
['GCA_70284']	1	1
['GCA_131310']	1	1
['GCA_130903']	1	1
['GCA_103430']	1	1
['GCA_99347']	1	1
['GCA_285774']	1	1
['GCA_231603']	1	1
['GCA_269414', 'GCA_174177']	1	2
['GCA_169389']	1	1
['GCA_253869']	1	1
['GCA_22308']	1	1
['GCA_284867']	1	1
['GCA_170827']	1	1
['GCA_263524']	1	1
['GCA_54523']	1	1
['GCA_14039']	1	1
['GCA_276981']	1	1
['GCA_238727']	1	1
['GCA_161096']	1	1
['GCA_71932']	1	1
['GCA_13027']	1	1
['GCA_227553']	1	1
['GCA_25035', 'GCA_135581']	1	2
['GCA_225215']	1	1
['GCA_249794']	1	1
['GCA_184671']	1	1
['GCA_304607', 'GCA_138864']	1	2
['GCA_135324']	1	1
['GCA_218482']	1	1
['GCA_213746']	1	1
['GCA_87626']	1	1
['GCA_159567']	1	1
['GCA_265836']	1	1
['GCA_247083', 'GCA_185084']	1	2
['GCA_182144']	1	1
['GCA_151782']	1	1
['GCA_232437', 'GCA_172222']	1	2
['GCA_306239']	1	1
['GCA_246995']	1	1
['GCA_151362']	1	1
['GCA_289913']	1	1
['GCA_35579', 'GCA_167915']	1	2
['GCA_231676']	1	1
['GCA_167505']	1	1
['GCA_244285']	1	1
['GCA_226143']	1	1
['GCA_120329']	1	1
['GCA_246928']	1	1
['GCA_240675']	1	1
['GCA_241631']	1	1
['GCA_31528', 'GCA_31527', 'GCA_256466', 'GCA_256465', 'GCA_150939', 'GCA_150938', 'GCA_131820', 'GCA_131819']	1	8
['GCA_133425']	1	1
['GCA_139291']	1	1
['GCA_314099']	1	1
['GCA_123779', 'GCA_123778']	1	2
['GCA_118244', 'GCA_118242']	1	2
['GCA_300885', 'GCA_11429']	1	2
['GCA_31648', 'GCA_284370', 'GCA_104266']	1	3
['GCA_262675']	1	1
['GCA_226095']	1	1
['GCA_157996']	1	1
['GCA_261019']	1	1
['GCA_8815']	1	1
['GCA_113507']	1	1
['GCA_314379']	1	1
['GCA_116836', 'GCA_10388']	1	2
['GCA_304994']	1	1
['GCA_131897', 'GCA_131896', 'GCA_131895', 'GCA_131894', 'GCA_131893']	1	5
['GCA_218853']	1	1
['GCA_286647']	1	1
['GCA_237023']	1	1
['GCA_310330']	1	1
['GCA_284462']	1	1
['GCA_164630', 'GCA_164629']	1	2
['GCA_135782']	1	1
['GCA_245053']	1	1
['GCA_14363']	1	1
['GCA_93700', 'GCA_161807']	1	2
['GCA_120162']	1	1
['GCA_111740']	1	1
['GCA_130839']	1	1
['GCA_63558']	1	1
['GCA_218474']	1	1
['GCA_196154']	1	1
['GCA_267947']	1	1
['GCA_156231']	1	1
['GCA_212711']	1	1
['GCA_296509', 'GCA_296508']	1	2
['GCA_304095']	1	1
['GCA_275421']	1	1
['GCA_92082', 'GCA_206890']	1	2
['GCA_232026']	1	1
['GCA_245813']	1	1
['GCA_89835']	1	1
['GCA_208503']	1	1
['GCA_124574']	1	1
['GCA_135240']	1	1
['GCA_22938']	1	1
['GCA_39052', 'GCA_210495']	1	2
['GCA_144667']	1	1
['GCA_106151']	1	1
['GCA_80156']	1	1
['GCA_245212', 'GCA_106855']	1	2
['GCA_311317']	1	1
['GCA_120728']	1	1
['GCA_26510', 'GCA_143609']	1	2
['GCA_117244']	1	1
['GCA_101329', 'GCA_101328']	1	2
['GCA_135584']	1	1
['GCA_249767']	1	1
['GCA_86163']	1	1
['GCA_143925']	1	1
['GCA_193949', 'GCA_122635']	1	2
['GCA_139729']	1	1
['GCA_222127', 'GCA_159697']	1	2
['GCA_235162']	1	1
['GCA_285350']	1	1
['GCA_305175']	1	1
['GCA_198591']	1	1
['GCA_108969']	1	1
['GCA_185120', 'GCA_146350']	1	2
['GCA_183762']	1	1
['GCA_182328']	1	1
['GCA_205261']	1	1
['GCA_69182']	1	1
['GCA_94470']	1	1
['GCA_144989']	1	1
['GCA_273148']	1	1
['GCA_113588']	1	1
['GCA_225101']	1	1
['GCA_146517']	1	1
['GCA_317935', 'GCA_234648', 'GCA_146853', 'GCA_134270', 'GCA_108672']	1	5
['GCA_96615']	1	1
['GCA_181937']	1	1
['GCA_128264']	1	1
['GCA_6564']	1	1
['GCA_154503']	1	1
['GCA_282926']	1	1
['GCA_243469']	1	1
['GCA_48913']	1	1
['GCA_96824']	1	1
['GCA_306213']	1	1
['GCA_147521']	1	1
['GCA_122220']	1	1
['GCA_168461']	1	1
['GCA_151178']	1	1
['GCA_126793']	1	1
['GCA_256550']	1	1
['GCA_168413']	1	1
['GCA_22547']	1	1
['GCA_132517']	1	1
['GCA_182941']	1	1
['GCA_140989']	1	1
['GCA_289612']	1	1
['GCA_115456']	1	1
['GCA_247086']	1	1
['GCA_107108']	1	1
['GCA_195673', 'GCA_195670']	1	2
['GCA_216598', 'GCA_164355', 'GCA_121313']	1	3
['GCA_232998']	1	1
['GCA_202738']	1	1
['GCA_242854']	1	1
['GCA_176389']	1	1
['GCA_189336']	1	1
['GCA_306035', 'GCA_306034', 'GCA_175990', 'GCA_175989']	1	4
['GCA_151934']	1	1
['GCA_280201']	1	1
['GCA_250948']	1	1
['GCA_294724']	1	1
['GCA_84648']	1	1
['GCA_103189']	1	1
['GCA_299845']	1	1
['GCA_244954']	1	1
['GCA_309405']	1	1
['GCA_80710']	1	1
['GCA_194260']	1	1
['GCA_255228']	1	1
['GCA_222932']	1	1
['GCA_234736']	1	1
['GCA_284751']	1	1
['GCA_11823']	1	1
['GCA_296928']	1	1
['GCA_216377']	1	1
['GCA_104940']	1	1
['GCA_93654']	1	1
['GCA_226857', 'GCA_226854']	1	2
['GCA_278718']	1	1
['GCA_319107']	1	1
['GCA_137546']	1	1
['GCA_118663']	1	1
['GCA_244112']	1	1
['GCA_133455']	1	1
['GCA_150690']	1	1
['GCA_73207']	1	1
['GCA_195832']	1	1
['GCA_91746']	1	1
['GCA_210895', 'GCA_146008']	1	2
['GCA_242054']	1	1
['GCA_246171']	1	1
['GCA_246269', 'GCA_226342']	1	2
['GCA_221865']	1	1
['GCA_139127']	1	1
['GCA_216557']	1	1
['GCA_221588', 'GCA_221588', 'GCA_221588', 'GCA_221588', 'GCA_181455', 'GCA_181455', 'GCA_181455', 'GCA_181455']	1	8
['GCA_133287']	1	1
['GCA_142370']	1	1
['GCA_266474']	1	1
['GCA_136006']	1	1
['GCA_318484']	1	1
['GCA_197113', 'GCA_177780']	1	2
['GCA_195535', 'GCA_149613']	1	2
['GCA_186969']	1	1
['GCA_183186']	1	1
['GCA_215542']	1	1
['GCA_89899']	1	1
['GCA_256781']	1	1
['GCA_114966']	1	1
['GCA_212336', 'GCA_212335']	1	2
['GCA_261060']	1	1
['GCA_303998']	1	1
['GCA_222171']	1	1
['GCA_178829']	1	1
['GCA_240868']	1	1
['GCA_159854']	1	1
['GCA_240145']	1	1
['GCA_34711', 'GCA_201703']	1	2
['GCA_110473']	1	1
['GCA_203628']	1	1
['GCA_269296']	1	1
['GCA_268420']	1	1
['GCA_236258']	1	1
['GCA_108817']	1	1
['GCA_132685']	1	1
['GCA_311254', 'GCA_26101']	1	2
['GCA_133670']	1	1
['GCA_109216']	1	1
['GCA_197853']	1	1
['GCA_174463']	1	1
['GCA_252676', 'GCA_243715', 'GCA_124301']	1	3
['GCA_306492']	1	1
['GCA_240288']	1	1
['GCA_209513']	1	1
['GCA_288706']	1	1
['GCA_88088']	1	1
['GCA_273104']	1	1
['GCA_238047']	1	1
['GCA_5030', 'GCA_192138']	1	2
['GCA_139400']	1	1
['GCA_177256']	1	1
['GCA_250817']	1	1
['GCA_10401']	1	1
['GCA_299224', 'GCA_263534', 'GCA_120341']	1	3
['GCA_178521', 'GCA_178520']	1	2
['GCA_236548']	1	1
['GCA_78066']	1	1
['GCA_124128']	1	1
['GCA_244005']	1	1
['GCA_125675']	1	1
['GCA_224985']	1	1
['GCA_132740']	1	1
['GCA_174535']	1	1
['GCA_208482']	1	1
['GCA_169421']	1	1
['GCA_210631']	1	1
['GCA_248278']	1	1
['GCA_265533']	1	1
['GCA_242020']	1	1
['GCA_290712']	1	1
['GCA_286312']	1	1
['GCA_86948']	1	1
['GCA_141968']	1	1
['GCA_94165', 'GCA_226127']	1	2
['GCA_105212']	1	1
['GCA_171396']	1	1
['GCA_311969']	1	1
['GCA_90552', 'GCA_90551']	1	2
['GCA_32729', 'GCA_172243', 'GCA_141337']	1	3
['GCA_181492', 'GCA_166623']	1	2
['GCA_318727']	1	1
['GCA_148930']	1	1
['GCA_172375']	1	1
['GCA_131446']	1	1
['GCA_307010']	1	1
['GCA_90014']	1	1
['GCA_281341']	1	1
['GCA_65669']	1	1
['GCA_293047']	1	1
['GCA_94249']	1	1
['GCA_204115']	1	1
['GCA_247902']	1	1
['GCA_115499']	1	1
['GCA_236812', 'GCA_160735']	1	2
['GCA_227759']	1	1
['GCA_317516']	1	1
['GCA_105480']	1	1
['GCA_257384']	1	1
['GCA_309183']	1	1
['GCA_86592']	1	1
['GCA_165895']	1	1
['GCA_139345']	1	1
['GCA_250509']	1	1
['GCA_189743']	1	1
['GCA_283133']	1	1
['GCA_130008']	1	1
['GCA_29483']	1	1
['GCA_95592']	1	1
['GCA_145022', 'GCA_145021']	1	2
['GCA_200736']	1	1
['GCA_36680', 'GCA_109865']	1	2
['GCA_172972']	1	1
['GCA_123566']	1	1
['GCA_98565']	1	1
['GCA_207521']	1	1
['GCA_144671']	1	1
['GCA_95712']	1	1
['GCA_152112', 'GCA_152111']	1	2
['GCA_170533']	1	1
['GCA_23260']	1	1
['GCA_69722']	1	1
['GCA_274664']	1	1
['GCA_147933']	1	1
['GCA_116187']	1	1
['GCA_255881']	1	1
['GCA_54653']	1	1
['GCA_114845']	1	1
['GCA_249774']	1	1
['GCA_306830']	1	1
['GCA_258136']	1	1
['GCA_166061']	1	1
['GCA_22366']	1	1
['GCA_104711']	1	1
['GCA_243517']	1	1
['GCA_291673']	1	1
['GCA_200015']	1	1
['GCA_209595']	1	1
['GCA_279276']	1	1
['GCA_163355']	1	1
['GCA_268778']	1	1
['GCA_188341']	1	1
['GCA_210956']	1	1
['GCA_284290']	1	1
['GCA_91865']	1	1
['GCA_318116']	1	1
['GCA_238235']	1	1
['GCA_271896']	1	1
['GCA_105499']	1	1
['GCA_206569']	1	1
['GCA_68810']	1	1
['GCA_234898']	1	1
['GCA_90654']	1	1
['GCA_34633']	1	1
['GCA_141375']	1	1
['GCA_140469']	1	1
['GCA_275439', 'GCA_186578', 'GCA_182672', 'GCA_177793', 'GCA_110548']	1	5
['GCA_63012']	1	1
['GCA_225869']	1	1
['GCA_70256']	1	1
['GCA_182477']	1	1
['GCA_136615']	1	1
['GCA_204575']	1	1
['GCA_181789']	1	1
['GCA_209074']	1	1
['GCA_230925']	1	1
['GCA_148613']	1	1
['GCA_304905']	1	1
['GCA_145432']	1	1
['GCA_304948']	1	1
['GCA_276003']	1	1
['GCA_151331']	1	1
['GCA_260315']	1	1
['GCA_294959']	1	1
['GCA_67701', 'GCA_317573', 'GCA_138991']	1	3
['GCA_186247']	1	1
['GCA_77748']	1	1
['GCA_170144']	1	1
['GCA_192843']	1	1
['GCA_179179']	1	1
['GCA_188905']	1	1
['GCA_273919']	1	1
['GCA_116346']	1	1
['GCA_130837']	1	1
['GCA_123759']	1	1
['GCA_195579']	1	1
['GCA_175340']	1	1
['GCA_317636', 'GCA_211821']	1	2
['GCA_50028', 'GCA_201601']	1	2
['GCA_261667']	1	1
['GCA_306117']	1	1
['GCA_290749']	1	1
['GCA_36804']	1	1
['GCA_308538']	1	1
['GCA_67868', 'GCA_67863']	1	2
['GCA_20548']	1	1
['GCA_296779', 'GCA_195304']	1	2
['GCA_283804']	1	1
['GCA_74531']	1	1
['GCA_149221']	1	1
['GCA_128458', 'GCA_128457']	1	2
['GCA_191329']	1	1
['GCA_155216']	1	1
['GCA_298867']	1	1
['GCA_199819']	1	1
['GCA_238711']	1	1
['GCA_241284']	1	1
['GCA_295604']	1	1
['GCA_254194']	1	1
['GCA_289875']	1	1
['GCA_313554', 'GCA_199551', 'GCA_128991']	1	3
['GCA_224333']	1	1
['GCA_150673']	1	1
['GCA_22364']	1	1
['GCA_310204']	1	1
['GCA_138891']	1	1
['GCA_149384']	1	1
['GCA_239283']	1	1
['GCA_94762']	1	1
['GCA_26956', 'GCA_261360']	1	2
['GCA_226354']	1	1
['GCA_151258']	1	1
['GCA_111158']	1	1
['GCA_28267']	1	1
['GCA_142612']	1	1
['GCA_147199', 'GCA_147198']	1	2
['GCA_296664']	1	1
['GCA_30124']	1	1
['GCA_154628']	1	1
['GCA_232462']	1	1
['GCA_217224']	1	1
['GCA_173943']	1	1
['GCA_229800']	1	1
['GCA_97166']	1	1
['GCA_262543', 'GCA_262542']	1	2
['GCA_246053']	1	1
['GCA_31597', 'GCA_235851']	1	2
['GCA_313495']	1	1
['GCA_1632']	1	1
['GCA_238877']	1	1
['GCA_167764']	1	1
['GCA_254008']	1	1
['GCA_62958']	1	1
['GCA_147539', 'GCA_138490', 'GCA_138488']	1	3
['GCA_216829']	1	1
['GCA_295200', 'GCA_295200']	1	2
['GCA_103559', 'GCA_103559', 'GCA_103559']	1	3
['GCA_76433', 'GCA_257446', 'GCA_173514', 'GCA_161687']	1	4
['GCA_23971']	1	1
['GCA_294348']	1	1
['GCA_9327', 'GCA_198361']	1	2
['GCA_156752']	1	1
['GCA_183095']	1	1
['GCA_214859']	1	1
['GCA_111330', 'GCA_111327']	1	2
['GCA_243393']	1	1
['GCA_240209']	1	1
['GCA_214413']	1	1
['GCA_184511']	1	1
['GCA_255787', 'GCA_255785']	1	2
['GCA_191010']	1	1
['GCA_210070']	1	1
['GCA_170750']	1	1
['GCA_30828']	1	1
['GCA_236921']	1	1
['GCA_200088']	1	1
['GCA_225558', 'GCA_194651', 'GCA_114564']	1	3
['GCA_152820']	1	1
['GCA_182523']	1	1
['GCA_221314']	1	1
['GCA_172518', 'GCA_172515']	1	2
['GCA_261090']	1	1
['GCA_294684']	1	1
['GCA_243141']	1	1
['GCA_106106']	1	1
['GCA_110451']	1	1
['GCA_132901']	1	1
['GCA_155715']	1	1
['GCA_58776', 'GCA_238403', 'GCA_237043', 'GCA_232553', 'GCA_161782']	1	5
['GCA_168487']	1	1
['GCA_105559']	1	1
['GCA_179902']	1	1
['GCA_61201', 'GCA_279643', 'GCA_157966', 'GCA_139371']	1	4
['GCA_23304']	1	1
['GCA_252137', 'GCA_136705']	1	2
['GCA_151992']	1	1
['GCA_86537']	1	1
['GCA_214877', 'GCA_134137']	1	2
['GCA_52526']	1	1
['GCA_7246']	1	1
['GCA_183176']	1	1
['GCA_241112']	1	1
['GCA_295506']	1	1
['GCA_199978']	1	1
['GCA_228428']	1	1
['GCA_239352']	1	1
['GCA_235726']	1	1
['GCA_121683']	1	1
['GCA_203152']	1	1
['GCA_138407']	1	1
['GCA_164111']	1	1
['GCA_121210']	1	1
['GCA_112363']	1	1
['GCA_96931']	1	1
['GCA_264890', 'GCA_264888']	1	2
['GCA_235005']	1	1
['GCA_126931']	1	1
['GCA_39762']	1	1
['GCA_125091']	1	1
['GCA_107098']	1	1
['GCA_169295', 'GCA_169292']	1	2
['GCA_30795', 'GCA_30794']	1	2
['GCA_245792']	1	1
['GCA_145884']	1	1
['GCA_251588']	1	1
['GCA_145800']	1	1
['GCA_141164']	1	1
['GCA_153885', 'GCA_153884', 'GCA_117381', 'GCA_117380']	1	4
['GCA_273197']	1	1
['GCA_147309']	1	1
['GCA_204373']	1	1
['GCA_127556']	1	1
['GCA_216892', 'GCA_216890']	1	2
['GCA_107076']	1	1
['GCA_119049']	1	1
['GCA_314698']	1	1
['GCA_123610', 'GCA_117362']	1	2
['GCA_72740', 'GCA_291879']	1	2
['GCA_150885']	1	1
['GCA_69404']	1	1
['GCA_45525']	1	1
['GCA_249198']	1	1
['GCA_201958']	1	1
['GCA_288157']	1	1
['GCA_213143']	1	1
['GCA_12802']	1	1
['GCA_173764']	1	1
['GCA_90565']	1	1
['GCA_64101', 'GCA_113720']	1	2
['GCA_14313']	1	1
['GCA_118147', 'GCA_118145']	1	2
['GCA_162639']	1	1
['GCA_223649']	1	1
['GCA_62059', 'GCA_191947']	1	2
['GCA_264178']	1	1
['GCA_249002']	1	1
['GCA_169888']	1	1
['GCA_74213', 'GCA_274383', 'GCA_244119']	1	3
['GCA_127374']	1	1
['GCA_171427']	1	1
['GCA_21998']	1	1
['GCA_164186']	1	1
['GCA_218442']	1	1
['GCA_16660']	1	1
['GCA_98760', 'GCA_144912']	1	2
['GCA_71506', 'GCA_239819']	1	2
['GCA_318316']	1	1
['GCA_155185']	1	1
['GCA_265889']	1	1
['GCA_217993']	1	1
['GCA_299412']	1	1
['GCA_215798']	1	1
['GCA_183646']	1	1
['GCA_120872']	1	1
['GCA_243854']	1	1
['GCA_291387']	1	1
['GCA_304929']	1	1
['GCA_110300']	1	1
['GCA_128044']	1	1
['GCA_261307']	1	1
['GCA_158371']	1	1
['GCA_268643']	1	1
['GCA_298655']	1	1
['GCA_117067']	1	1
['GCA_219898']	1	1
['GCA_110520']	1	1
['GCA_170571']	1	1
['GCA_210777', 'GCA_169654']	1	2
['GCA_299241']	1	1
['GCA_148421']	1	1
['GCA_186983']	1	1
['GCA_71736']	1	1
['GCA_228339']	1	1
['GCA_191054']	1	1
['GCA_35342']	1	1
['GCA_138934']	1	1
['GCA_197554']	1	1
['GCA_136132']	1	1
['GCA_241767']	1	1
['GCA_156353']	1	1
['GCA_71784', 'GCA_71783']	1	2
['GCA_277796']	1	1
['GCA_133984']	1	1
['GCA_216930']	1	1
['GCA_80864']	1	1
['GCA_96116', 'GCA_64972', 'GCA_269844', 'GCA_260083', 'GCA_209896', 'GCA_177189']	1	6
['GCA_22111', 'GCA_178996']	1	2
['GCA_79367']	1	1
['GCA_57927', 'GCA_232825', 'GCA_215883', 'GCA_157806', 'GCA_151367']	1	5
['GCA_296413']	1	1
['GCA_88551']	1	1
['GCA_283202']	1	1
['GCA_90926']	1	1
['GCA_193206']	1	1
['GCA_146963']	1	1
['GCA_16755']	1	1
['GCA_105549']	1	1
['GCA_280660']	1	1
['GCA_136104']	1	1
['GCA_272074']	1	1
['GCA_36740']	1	1
['GCA_286568']	1	1
['GCA_279999']	1	1
['GCA_125965']	1	1
['GCA_213626', 'GCA_213623', 'GCA_213620', 'GCA_171745', 'GCA_171742', 'GCA_171739']	1	6
['GCA_178052', 'GCA_144651', 'GCA_144649']	1	3
['GCA_260783']	1	1
['GCA_21169']	1	1
['GCA_266291']	1	1
['GCA_234605']	1	1
['GCA_86597', 'GCA_153185', 'GCA_124730']	1	3
['GCA_90545']	1	1
['GCA_207725']	1	1
['GCA_298836']	1	1
['GCA_239017']	1	1
['GCA_117030']	1	1
['GCA_146257']	1	1
['GCA_115457']	1	1
['GCA_170981']	1	1
['GCA_203788']	1	1
['GCA_173642']	1	1
['GCA_131830', 'GCA_131828']	1	2
['GCA_158630']	1	1
['GCA_213992']	1	1
['GCA_216030']	1	1
['GCA_37225']	1	1
['GCA_306657']	1	1
['GCA_14217']	1	1
['GCA_266479']	1	1
['GCA_244450']	1	1
['GCA_172905']	1	1
['GCA_279312']	1	1
['GCA_138277']	1	1
['GCA_218262', 'GCA_121822']	1	2
['GCA_142740']	1	1
['GCA_207623']	1	1
['GCA_42549']	1	1
['GCA_120465']	1	1
['GCA_312554']	1	1
['GCA_306078']	1	1
['GCA_55762']	1	1
['GCA_158773']	1	1
['GCA_158959']	1	1
['GCA_98217', 'GCA_283032']	1	2
['GCA_2281']	1	1
['GCA_177124']	1	1
['GCA_191205']	1	1
['GCA_34434']	1	1
['GCA_15050']	1	1
['GCA_87184']	1	1
['GCA_32651']	1	1
['GCA_121990']	1	1
['GCA_235043']	1	1
['GCA_186699', 'GCA_148664']	1	2
['GCA_277883']	1	1
['GCA_175134']	1	1
['GCA_185467']	1	1
['GCA_130402']	1	1
['GCA_157270']	1	1
['GCA_54880']	1	1
['GCA_191071']	1	1
['GCA_119734']	1	1
['GCA_203235']	1	1
['GCA_243435']	1	1
['GCA_304625']	1	1
['GCA_271231']	1	1
['GCA_240420', 'GCA_240419']	1	2
['GCA_230500']	1	1
['GCA_254421']	1	1
['GCA_143033']	1	1
['GCA_68301', 'GCA_298642']	1	2
['GCA_124257', 'GCA_100253']	1	2
['GCA_301479', 'GCA_301479', 'GCA_301479', 'GCA_301479', 'GCA_301479', 'GCA_301479']	1	6
['GCA_142428']	1	1
['GCA_135277']	1	1
['GCA_304180']	1	1
['GCA_238025']	1	1
['GCA_273135']	1	1
['GCA_155371']	1	1
['GCA_181836']	1	1
['GCA_130063']	1	1
['GCA_126096']	1	1
['GCA_176605']	1	1
['GCA_163012']	1	1
['GCA_173958', 'GCA_173957', 'GCA_139945', 'GCA_139944']	1	4
['GCA_174293']	1	1
['GCA_89906']	1	1
['GCA_141552']	1	1
['GCA_148522']	1	1
['GCA_146746']	1	1
['GCA_48796']	1	1
['GCA_289641']	1	1
['GCA_66425', 'GCA_293349']	1	2
['GCA_269211']	1	1
['GCA_85478', 'GCA_283152', 'GCA_267802']	1	3
['GCA_149389']	1	1
['GCA_170621']	1	1
['GCA_314305']	1	1
['GCA_88280']	1	1
['GCA_109485']	1	1
['GCA_84384', 'GCA_84383', 'GCA_113104']	1	3
['GCA_282679']	1	1
['GCA_190495']	1	1
['GCA_247724']	1	1
['GCA_148458', 'GCA_148457']	1	2
['GCA_144258']	1	1
['GCA_312887']	1	1
['GCA_151994', 'GCA_121391']	1	2
['GCA_285156']	1	1
['GCA_218883']	1	1
['GCA_161432', 'GCA_161431', 'GCA_161430']	1	3
['GCA_305291']	1	1
['GCA_87733', 'GCA_55894', 'GCA_173163']	1	3
['GCA_120070']	1	1
['GCA_312215']	1	1
['GCA_235061']	1	1
['GCA_228828', 'GCA_191521']	1	2
['GCA_238110']	1	1
['GCA_94868', 'GCA_242242']	1	2
['GCA_182024']	1	1
['GCA_88464']	1	1
['GCA_271289']	1	1
['GCA_35013']	1	1
['GCA_264651']	1	1
['GCA_217688']	1	1
['GCA_284581']	1	1
['GCA_282641', 'GCA_108551']	1	2
['GCA_235998']	1	1
['GCA_84129']	1	1
['GCA_114791', 'GCA_114789']	1	2
['GCA_214992']	1	1
['GCA_175627']	1	1
['GCA_108474', 'GCA_108473', 'GCA_108469']	1	3
['GCA_317652']	1	1
['GCA_278279', 'GCA_128628']	1	2
['GCA_76048', 'GCA_76047', 'GCA_265613', 'GCA_265612']	1	4
['GCA_237074']	1	1
['GCA_120683']	1	1
['GCA_138882']	1	1
['GCA_241605']	1	1
['GCA_241023']	1	1
['GCA_96421']	1	1
['GCA_69658']	1	1
['GCA_135769']	1	1
['GCA_286223']	1	1
['GCA_240278']	1	1
['GCA_113221']	1	1
['GCA_168045']	1	1
['GCA_216191']	1	1
['GCA_166470']	1	1
['GCA_161659']	1	1
['GCA_310151']	1	1
['GCA_301324']	1	1
['GCA_207325']	1	1
['GCA_201732']	1	1
['GCA_314005', 'GCA_263103', 'GCA_146414', 'GCA_106956']	1	4
['GCA_150945']	1	1
['GCA_307036']	1	1
['GCA_138212']	1	1
['GCA_244546']	1	1
['GCA_94363']	1	1
['GCA_248710']	1	1
['GCA_170010']	1	1
['GCA_131352']	1	1
['GCA_285303']	1	1
['GCA_81054']	1	1
['GCA_118649']	1	1
['GCA_172071']	1	1
['GCA_256347']	1	1
['GCA_312386']	1	1
['GCA_82193']	1	1
['GCA_110397']	1	1
['GCA_78255']	1	1
['GCA_165089']	1	1
['GCA_76723']	1	1
['GCA_300789', 'GCA_112387']	1	2
['GCA_215448']	1	1
['GCA_111173']	1	1
['GCA_127512']	1	1
['GCA_247036']	1	1
['GCA_262694', 'GCA_148994']	1	2
['GCA_300361']	1	1
['GCA_131007']	1	1
['GCA_278045']	1	1
['GCA_286277']	1	1
['GCA_284009']	1	1
['GCA_261951']	1	1
['GCA_276651']	1	1
['GCA_143056']	1	1
['GCA_142310', 'GCA_142309']	1	2
['GCA_234656']	1	1
['GCA_93299']	1	1
['GCA_246316']	1	1
['GCA_134507']	1	1
['GCA_21621']	1	1
['GCA_297682']	1	1
['GCA_313320']	1	1
['GCA_245350']	1	1
['GCA_298795']	1	1
['GCA_227177', 'GCA_114218']	1	2
['GCA_229476']	1	1
['GCA_173349']	1	1
['GCA_40605']	1	1
['GCA_149069']	1	1
['GCA_187572']	1	1
['GCA_250212']	1	1
['GCA_279277']	1	1
['GCA_308990']	1	1
['GCA_149475']	1	1
['GCA_317126']	1	1
['GCA_111746', 'GCA_111745']	1	2
['GCA_290214']	1	1
['GCA_35969']	1	1
['GCA_131379']	1	1
['GCA_94058', 'GCA_274122', 'GCA_118870', 'GCA_112025']	1	4
['GCA_254461']	1	1
['GCA_67599']	1	1
['GCA_296520']	1	1
['GCA_113999']	1	1
['GCA_188899', 'GCA_101794']	1	2
['GCA_238063']	1	1
['GCA_197511']	1	1
['GCA_255532']	1	1
['GCA_118909']	1	1
['GCA_53668', 'GCA_254990', 'GCA_252689', 'GCA_110931']	1	4
['GCA_109978']	1	1
['GCA_130343', 'GCA_130342']	1	2
['GCA_106157']	1	1
['GCA_86182']	1	1
['GCA_216686']	1	1
['GCA_152800']	1	1
['GCA_174728']	1	1
['GCA_296394']	1	1
['GCA_170573']	1	1
['GCA_183446']	1	1
['GCA_114000']	1	1
['GCA_309065']	1	1
['GCA_163405']	1	1
['GCA_313442']	1	1
['GCA_232121', 'GCA_229592', 'GCA_155922', 'GCA_135876', 'GCA_116708']	1	5
['GCA_109105']	1	1
['GCA_196010']	1	1
['GCA_104835']	1	1
['GCA_209293', 'GCA_209292']	1	2
['GCA_116646']	1	1
['GCA_75954']	1	1
['GCA_239800']	1	1
['GCA_89740']	1	1
['GCA_234542']	1	1
['GCA_86362', 'GCA_278728']	1	2
['GCA_121681']	1	1
['GCA_133889']	1	1
['GCA_311593']	1	1
['GCA_283511', 'GCA_170589']	1	2
['GCA_246114']	1	1
['GCA_94289', 'GCA_94288', 'GCA_94287', 'GCA_94286', 'GCA_243213', 'GCA_243212', 'GCA_243211', 'GCA_243210', 'GCA_236597', 'GCA_236596', 'GCA_231833', 'GCA_231832', 'GCA_231831', 'GCA_231829']	1	14
['GCA_199047']	1	1
['GCA_194108']	1	1
['GCA_192092']	1	1
['GCA_174912']	1	1
['GCA_169039']	1	1
['GCA_284859']	1	1
['GCA_171717']	1	1
['GCA_177995']	1	1
['GCA_92828']	1	1
['GCA_88522']	1	1
['GCA_226493']	1	1
['GCA_218180']	1	1
['GCA_234600']	1	1
['GCA_119992']	1	1
['GCA_253043', 'GCA_157259', 'GCA_111857', 'GCA_102275']	1	4
['GCA_222100']	1	1
['GCA_241325']	1	1
['GCA_70988']	1	1
['GCA_171055']	1	1
['GCA_161748']	1	1
['GCA_138791']	1	1
['GCA_222663']	1	1
['GCA_284772', 'GCA_284771']	1	2
['GCA_292485']	1	1
['GCA_125322']	1	1
['GCA_88275', 'GCA_302845']	1	2
['GCA_18099', 'GCA_18097']	1	2
['GCA_283082']	1	1
['GCA_142986']	1	1
['GCA_200876']	1	1
['GCA_62831', 'GCA_297018', 'GCA_286754', 'GCA_257988']	1	4
['GCA_274498', 'GCA_193897', 'GCA_113024']	1	3
['GCA_134457']	1	1
['GCA_216472']	1	1
['GCA_99977', 'GCA_237011']	1	2
['GCA_117625']	1	1
['GCA_81387']	1	1
['GCA_52620']	1	1
['GCA_267479']	1	1
['GCA_167669']	1	1
['GCA_253995']	1	1
['GCA_273291']	1	1
['GCA_214920']	1	1
['GCA_295572']	1	1
['GCA_185757']	1	1
['GCA_33198']	1	1
['GCA_52545']	1	1
['GCA_135477']	1	1
['GCA_118310']	1	1
['GCA_159871']	1	1
['GCA_1247', 'GCA_1232']	1	2
['GCA_50058']	1	1
['GCA_146059']	1	1
['GCA_219216', 'GCA_204337']	1	2
['GCA_165709']	1	1
['GCA_93068']	1	1
['GCA_170241']	1	1
['GCA_280187']	1	1
['GCA_311421']	1	1
['GCA_305157']	1	1
['GCA_115178']	1	1
['GCA_93558', 'GCA_187309']	1	2
['GCA_252783']	1	1
['GCA_249680']	1	1
['GCA_269200']	1	1
['GCA_67583']	1	1
['GCA_217222']	1	1
['GCA_315321']	1	1
['GCA_134856']	1	1
['GCA_259343']	1	1
['GCA_317874']	1	1
['GCA_139374']	1	1
['GCA_214840']	1	1
['GCA_127994']	1	1
['GCA_96630']	1	1
['GCA_120900']	1	1
['GCA_216223']	1	1
['GCA_146273']	1	1
['GCA_93586']	1	1
['GCA_106937']	1	1
['GCA_220186']	1	1
['GCA_282284']	1	1
['GCA_248467']	1	1
['GCA_166169']	1	1
['GCA_156024']	1	1
['GCA_184313']	1	1
['GCA_309413']	1	1
['GCA_171487']	1	1
['GCA_112290']	1	1
['GCA_226590']	1	1
['GCA_251120']	1	1
['GCA_251141', 'GCA_124998']	1	2
['GCA_75298', 'GCA_303620']	1	2
['GCA_295510']	1	1
['GCA_268211']	1	1
['GCA_224490']	1	1
['GCA_179612']	1	1
['GCA_106436']	1	1
['GCA_102960']	1	1
['GCA_262777']	1	1
['GCA_234455']	1	1
['GCA_151974']	1	1
['GCA_214133']	1	1
['GCA_84329', 'GCA_113087']	1	2
['GCA_178907']	1	1
['GCA_147492']	1	1
['GCA_123343']	1	1
['GCA_99730']	1	1
['GCA_174507']	1	1
['GCA_132075']	1	1
['GCA_181441']	1	1
['GCA_182140']	1	1
['GCA_311192']	1	1
['GCA_121526']	1	1
['GCA_253212']	1	1
['GCA_117001']	1	1
['GCA_142302']	1	1
['GCA_93789']	1	1
['GCA_143021']	1	1
['GCA_252565']	1	1
['GCA_275569']	1	1
['GCA_315325']	1	1
['GCA_13629']	1	1
['GCA_285846']	1	1
['GCA_214484']	1	1
['GCA_305629', 'GCA_283710']	1	2
['GCA_188426']	1	1
['GCA_156945', 'GCA_156941']	1	2
['GCA_207065']	1	1
['GCA_146190']	1	1
['GCA_239257']	1	1
['GCA_128835']	1	1
['GCA_241938']	1	1
['GCA_268564']	1	1
['GCA_296608', 'GCA_296607', 'GCA_296605', 'GCA_296604']	1	4
['GCA_301002']	1	1
['GCA_79865']	1	1
['GCA_185985']	1	1
['GCA_283594']	1	1
['GCA_12799']	1	1
['GCA_313775']	1	1
['GCA_167224']	1	1
['GCA_289231']	1	1
['GCA_65034']	1	1
['GCA_185711']	1	1
['GCA_133622']	1	1
['GCA_107290']	1	1
['GCA_91695', 'GCA_166857']	1	2
['GCA_91055']	1	1
['GCA_193010']	1	1
['GCA_96977']	1	1
['GCA_303434']	1	1
['GCA_222375']	1	1
['GCA_133985']	1	1
['GCA_138463']	1	1
['GCA_24843']	1	1
['GCA_189226']	1	1
['GCA_314541']	1	1
['GCA_272486']	1	1
['GCA_108875', 'GCA_108874']	1	2
['GCA_209245']	1	1
['GCA_226889']	1	1
['GCA_126994']	1	1
['GCA_146118']	1	1
['GCA_5606']	1	1
['GCA_258485']	1	1
['GCA_280209', 'GCA_276205']	1	2
['GCA_250018']	1	1
['GCA_219953']	1	1
['GCA_310155']	1	1
['GCA_236288']	1	1
['GCA_194927']	1	1
['GCA_314192']	1	1
['GCA_279702']	1	1
['GCA_218198']	1	1
['GCA_246594']	1	1
['GCA_214858']	1	1
['GCA_157708']	1	1
['GCA_101026']	1	1
['GCA_36010']	1	1
['GCA_153397']	1	1
['GCA_254934']	1	1
['GCA_218085']	1	1
['GCA_191141']	1	1
['GCA_257013']	1	1
['GCA_296898']	1	1
['GCA_296897']	1	1
['GCA_277543']	1	1
['GCA_249739']	1	1
['GCA_183927']	1	1
['GCA_294344']	1	1
['GCA_113173']	1	1
['GCA_158298']	1	1
['GCA_296680']	1	1
['GCA_147679']	1	1
['GCA_250942']	1	1
['GCA_91517', 'GCA_91516', 'GCA_91515']	1	3
['GCA_302661']	1	1
['GCA_307720']	1	1
['GCA_180645']	1	1
['GCA_183642']	1	1
['GCA_132061']	1	1
['GCA_152220']	1	1
['GCA_169552']	1	1
['GCA_225985']	1	1
['GCA_131002']	1	1
['GCA_121106']	1	1
['GCA_153143']	1	1
['GCA_182368']	1	1
['GCA_261253']	1	1
['GCA_139237']	1	1
['GCA_297211']	1	1
['GCA_98992']	1	1
['GCA_136388']	1	1
['GCA_147468', 'GCA_147465']	1	2
['GCA_277136', 'GCA_277135']	1	2
['GCA_137312']	1	1
['GCA_131729']	1	1
['GCA_136854']	1	1
['GCA_137452']	1	1
['GCA_160373']	1	1
['GCA_150239']	1	1
['GCA_183720']	1	1
['GCA_147305']	1	1
['GCA_203838']	1	1
['GCA_128493']	1	1
['GCA_99519']	1	1
['GCA_166710']	1	1
['GCA_50554', 'GCA_289049', 'GCA_175495']	1	3
['GCA_201129']	1	1
['GCA_16743']	1	1
['GCA_131634']	1	1
['GCA_142090']	1	1
['GCA_157295']	1	1
['GCA_135331']	1	1
['GCA_233004']	1	1
['GCA_296801']	1	1
['GCA_136110']	1	1
['GCA_228328']	1	1
['GCA_131053']	1	1
['GCA_167861']	1	1
['GCA_129667']	1	1
['GCA_233383']	1	1
['GCA_109857']	1	1
['GCA_158724']	1	1
['GCA_214606']	1	1
['GCA_112744']	1	1
['GCA_146990']	1	1
['GCA_225637', 'GCA_137359']	1	2
['GCA_258681', 'GCA_24948']	1	2
['GCA_262615']	1	1
['GCA_89600']	1	1
['GCA_284851', 'GCA_284850']	1	2
['GCA_260775']	1	1
['GCA_252831']	1	1
['GCA_84671']	1	1
['GCA_234259']	1	1
['GCA_306313', 'GCA_135677']	1	2
['GCA_102962']	1	1
['GCA_162092']	1	1
['GCA_6153']	1	1
['GCA_244185']	1	1
['GCA_249748']	1	1
['GCA_124902']	1	1
['GCA_28355']	1	1
['GCA_238182']	1	1
['GCA_94057']	1	1
['GCA_111572']	1	1
['GCA_184355']	1	1
['GCA_212267', 'GCA_212265']	1	2
['GCA_226528', 'GCA_136108', 'GCA_104767']	1	3
['GCA_214015']	1	1
['GCA_249768']	1	1
['GCA_140152']	1	1
['GCA_86936', 'GCA_191092']	1	2
['GCA_163919', 'GCA_163918']	1	2
['GCA_17223']	1	1
['GCA_139372']	1	1
['GCA_288113']	1	1
['GCA_190079']	1	1
['GCA_171314']	1	1
['GCA_141441', 'GCA_113018']	1	2
['GCA_129315']	1	1
['GCA_87915']	1	1
['GCA_73484']	1	1
['GCA_1399', 'GCA_1398']	1	2
['GCA_280519']	1	1
['GCA_173527']	1	1
['GCA_260560']	1	1
['GCA_136343']	1	1
['GCA_18898']	1	1
['GCA_118290']	1	1
['GCA_149790']	1	1
['GCA_232285']	1	1
['GCA_144248']	1	1
['GCA_206686']	1	1
['GCA_210049']	1	1
['GCA_213173']	1	1
['GCA_138121', 'GCA_138120']	1	2
['GCA_70676', 'GCA_278024']	1	2
['GCA_240608']	1	1
['GCA_246687']	1	1
['GCA_107417']	1	1
['GCA_64781']	1	1
['GCA_203442']	1	1
['GCA_69637']	1	1
['GCA_141672', 'GCA_141671']	1	2
['GCA_266671']	1	1
['GCA_179915']	1	1
['GCA_152463']	1	1
['GCA_178311']	1	1
['GCA_15426']	1	1
['GCA_155771']	1	1
['GCA_284749']	1	1
['GCA_185025']	1	1
['GCA_187429']	1	1
['GCA_95258']	1	1
['GCA_263623']	1	1
['GCA_199398']	1	1
['GCA_159395']	1	1
['GCA_179771']	1	1
['GCA_227116', 'GCA_171059']	1	2
['GCA_305998']	1	1
['GCA_40443']	1	1
['GCA_210135']	1	1
['GCA_210130']	1	1
['GCA_222212']	1	1
['GCA_257772']	1	1
['GCA_179173']	1	1
['GCA_250533']	1	1
['GCA_125061', 'GCA_125060']	1	2
['GCA_129918']	1	1
['GCA_198582']	1	1
['GCA_145863', 'GCA_145862']	1	2
['GCA_113972']	1	1
['GCA_117810']	1	1
['GCA_173756']	1	1
['GCA_227124']	1	1
['GCA_153831']	1	1
['GCA_152613']	1	1
['GCA_130547']	1	1
['GCA_190207']	1	1
['GCA_46595']	1	1
['GCA_153121']	1	1
['GCA_298680']	1	1
['GCA_32162']	1	1
['GCA_32163']	1	1
['GCA_317157']	1	1
['GCA_91915', 'GCA_91913', 'GCA_242033', 'GCA_242031']	1	4
['GCA_167425']	1	1
['GCA_159237']	1	1
['GCA_7752']	1	1
['GCA_52879']	1	1
['GCA_54604']	1	1
['GCA_218689']	1	1
['GCA_127695']	1	1
['GCA_202588']	1	1
['GCA_95642']	1	1
['GCA_305539']	1	1
['GCA_313621']	1	1
['GCA_271379']	1	1
['GCA_249354']	1	1
['GCA_169224']	1	1
['GCA_12470']	1	1
['GCA_193492']	1	1
['GCA_298289']	1	1
['GCA_236642']	1	1
['GCA_163855', 'GCA_156379']	1	2
['GCA_307446']	1	1
['GCA_166009']	1	1
['GCA_165950']	1	1
['GCA_318933']	1	1
['GCA_122617']	1	1
['GCA_217150']	1	1
['GCA_156495']	1	1
['GCA_288738']	1	1
['GCA_99852', 'GCA_165056']	1	2
['GCA_123902']	1	1
['GCA_133469']	1	1
['GCA_88994']	1	1
['GCA_169794']	1	1
['GCA_205889']	1	1
['GCA_233490']	1	1
['GCA_227750', 'GCA_227746', 'GCA_227741', 'GCA_184268', 'GCA_184264', 'GCA_184258']	1	6
['GCA_138965']	1	1
['GCA_86433']	1	1
['GCA_134287']	1	1
['GCA_157865', 'GCA_145686']	1	2
['GCA_171338']	1	1
['GCA_139398']	1	1
['GCA_90538']	1	1
['GCA_157812']	1	1
['GCA_283793', 'GCA_272908']	1	2
['GCA_215687']	1	1
['GCA_150906']	1	1
['GCA_234603']	1	1
['GCA_307298', 'GCA_307297', 'GCA_189514', 'GCA_189513', 'GCA_16358', 'GCA_16357', 'GCA_133659', 'GCA_133658']	1	8
['GCA_27541', 'GCA_27540']	1	2
['GCA_246526']	1	1
['GCA_192393']	1	1
['GCA_283468']	1	1
['GCA_204069', 'GCA_204068']	1	2
['GCA_271581']	1	1
['GCA_314811']	1	1
['GCA_108357']	1	1
['GCA_149507', 'GCA_149506']	1	2
['GCA_272339', 'GCA_181876']	1	2
['GCA_193179']	1	1
['GCA_280679']	1	1
['GCA_211795', 'GCA_211793']	1	2
['GCA_202084']	1	1
['GCA_209056']	1	1
['GCA_218069', 'GCA_209866', 'GCA_133406']	1	3
['GCA_262181']	1	1
['GCA_284266']	1	1
['GCA_140334']	1	1
['GCA_297436']	1	1
['GCA_295814']	1	1
['GCA_89168']	1	1
['GCA_180762', 'GCA_145617']	1	2
['GCA_298731']	1	1
['GCA_284949', 'GCA_282450']	1	2
['GCA_281902']	1	1
['GCA_179730']	1	1
['GCA_244905']	1	1
['GCA_188218', 'GCA_103482']	1	2
['GCA_185606', 'GCA_185605']	1	2
['GCA_58677', 'GCA_230731', 'GCA_193653', 'GCA_143510']	1	4
['GCA_125744']	1	1
['GCA_245969']	1	1
['GCA_294695']	1	1
['GCA_116751']	1	1
['GCA_227792']	1	1
['GCA_316667']	1	1
['GCA_310946']	1	1
['GCA_12005']	1	1
['GCA_268402']	1	1
['GCA_234963', 'GCA_234961']	1	2
['GCA_15056']	1	1
['GCA_194293']	1	1
['GCA_273904']	1	1
['GCA_272536']	1	1
['GCA_272413', 'GCA_170081', 'GCA_125718']	1	3
['GCA_87437', 'GCA_193551']	1	2
['GCA_311005']	1	1
['GCA_114538']	1	1
['GCA_100978']	1	1
['GCA_128674']	1	1
['GCA_216254']	1	1
['GCA_221797']	1	1
['GCA_183688']	1	1
['GCA_200637']	1	1
['GCA_209950']	1	1
['GCA_142020']	1	1
['GCA_137499']	1	1
['GCA_134543']	1	1
['GCA_108275']	1	1
['GCA_177586']	1	1
['GCA_312055']	1	1
['GCA_173321']	1	1
['GCA_165926']	1	1
['GCA_298833', 'GCA_298832']	1	2
['GCA_128182']	1	1
['GCA_133590']	1	1
['GCA_119287']	1	1
['GCA_164276']	1	1
['GCA_151859']	1	1
['GCA_311914']	1	1
['GCA_256230']	1	1
['GCA_10406']	1	1
['GCA_6144']	1	1
['GCA_191957']	1	1
['GCA_75512', 'GCA_272634', 'GCA_253340', 'GCA_197316', 'GCA_183871']	1	5
['GCA_85233']	1	1
['GCA_53201']	1	1
['GCA_167673']	1	1
['GCA_215271', 'GCA_21286']	1	2
['GCA_108564']	1	1
['GCA_132189']	1	1
['GCA_174821']	1	1
['GCA_189088']	1	1
['GCA_201877']	1	1
['GCA_97007', 'GCA_238968']	1	2
['GCA_52962', 'GCA_166220', 'GCA_110983']	1	3
['GCA_97146']	1	1
['GCA_161172']	1	1
['GCA_207267']	1	1
['GCA_62220']	1	1
['GCA_7928']	1	1
['GCA_270039']	1	1
['GCA_254009']	1	1
['GCA_310921', 'GCA_281698']	1	2
['GCA_286532', 'GCA_108506']	1	2
['GCA_238116', 'GCA_185461', 'GCA_153725']	1	3
['GCA_124255']	1	1
['GCA_288334']	1	1
['GCA_132208']	1	1
['GCA_160146', 'GCA_160145']	1	2
['GCA_123330']	1	1
['GCA_15120']	1	1
['GCA_115393']	1	1
['GCA_179732']	1	1
['GCA_251526']	1	1
['GCA_112000']	1	1
['GCA_248020']	1	1
['GCA_235984', 'GCA_235983']	1	2
['GCA_217863']	1	1
['GCA_136945']	1	1
['GCA_105791']	1	1
['GCA_215270']	1	1
['GCA_36600']	1	1
['GCA_188801']	1	1
['GCA_111525']	1	1
['GCA_306242']	1	1
['GCA_282373']	1	1
['GCA_315783']	1	1
['GCA_237629', 'GCA_181878']	1	2
['GCA_286154']	1	1
['GCA_279583']	1	1
['GCA_173201']	1	1
['GCA_109149']	1	1
['GCA_146798']	1	1
['GCA_142191']	1	1
['GCA_210887']	1	1
['GCA_286698']	1	1
['GCA_281343']	1	1
['GCA_200036']	1	1
['GCA_273886']	1	1
['GCA_80238']	1	1
['GCA_105379']	1	1
['GCA_274782']	1	1
['GCA_126595']	1	1
['GCA_281332']	1	1
['GCA_108173']	1	1
['GCA_31884']	1	1
['GCA_239693']	1	1
['GCA_311707']	1	1
['GCA_256450']	1	1
['GCA_290287', 'GCA_149334']	1	2
['GCA_227862', 'GCA_227861']	1	2
['GCA_42064']	1	1
['GCA_114552']	1	1
['GCA_254079']	1	1
['GCA_30300']	1	1
['GCA_257510']	1	1
['GCA_285104']	1	1
['GCA_113125']	1	1
['GCA_127304']	1	1
['GCA_289387']	1	1
['GCA_289626']	1	1
['GCA_158359']	1	1
['GCA_27018', 'GCA_234637']	1	2
['GCA_70996']	1	1
['GCA_160955']	1	1
['GCA_293815']	1	1
['GCA_132097']	1	1
['GCA_91920']	1	1
['GCA_94741']	1	1
['GCA_79011', 'GCA_232751', 'GCA_208322']	1	3
['GCA_280190']	1	1
['GCA_241452', 'GCA_210017']	1	2
['GCA_89024']	1	1
['GCA_75872']	1	1
['GCA_296048']	1	1
['GCA_257826']	1	1
['GCA_214014']	1	1
['GCA_67477', 'GCA_160596']	1	2
['GCA_170995']	1	1
['GCA_3542']	1	1
['GCA_56012']	1	1
['GCA_15702']	1	1
['GCA_281000']	1	1
['GCA_119575']	1	1
['GCA_215673']	1	1
['GCA_306592']	1	1
['GCA_234644', 'GCA_234643', 'GCA_175944', 'GCA_175943', 'GCA_170137', 'GCA_170136']	1	6
['GCA_295878']	1	1
['GCA_228808']	1	1
['GCA_26835']	1	1
['GCA_181320']	1	1
['GCA_217514']	1	1
['GCA_259175']	1	1
['GCA_143624', 'GCA_126888']	1	2
['GCA_165846']	1	1
['GCA_287947']	1	1
['GCA_154404']	1	1
['GCA_31198']	1	1
['GCA_72449', 'GCA_147086']	1	2
['GCA_104892', 'GCA_104891']	1	2
['GCA_213411']	1	1
['GCA_295920']	1	1
['GCA_217141', 'GCA_122140']	1	2
['GCA_273624']	1	1
['GCA_124873']	1	1
['GCA_151427']	1	1
['GCA_186851']	1	1
['GCA_204466']	1	1
['GCA_104932']	1	1
['GCA_273983', 'GCA_152825']	1	2
['GCA_286597', 'GCA_286596']	1	2
['GCA_273083']	1	1
['GCA_235455', 'GCA_113737']	1	2
['GCA_134650']	1	1
['GCA_109313']	1	1
['GCA_264980']	1	1
['GCA_314604']	1	1
['GCA_193590']	1	1
['GCA_217532', 'GCA_108846']	1	2
['GCA_181516']	1	1
['GCA_273206']	1	1
['GCA_145814']	1	1
['GCA_128243']	1	1
['GCA_181122']	1	1
['GCA_217932']	1	1
['GCA_314370']	1	1
['GCA_207579']	1	1
['GCA_203620']	1	1
['GCA_136424']	1	1
['GCA_73414', 'GCA_73413', 'GCA_317881', 'GCA_317880', 'GCA_297935', 'GCA_297934', 'GCA_247895', 'GCA_247894', 'GCA_219549', 'GCA_219548', 'GCA_216902', 'GCA_216901', 'GCA_194399', 'GCA_194398']	1	14
['GCA_230096']	1	1
['GCA_130776', 'GCA_130774']	1	2
['GCA_104124']	1	1
['GCA_123392']	1	1
['GCA_131623']	1	1
['GCA_305460']	1	1
['GCA_222259']	1	1
['GCA_188357']	1	1
['GCA_152474']	1	1
['GCA_47307']	1	1
['GCA_180407']	1	1
['GCA_299650']	1	1
['GCA_160757']	1	1
['GCA_301331']	1	1
['GCA_22313']	1	1
['GCA_188162']	1	1
['GCA_175354']	1	1
['GCA_302477']	1	1
['GCA_172192']	1	1
['GCA_282410']	1	1
['GCA_281700']	1	1
['GCA_114819']	1	1
['GCA_274892']	1	1
['GCA_146904']	1	1
['GCA_246035', 'GCA_246030']	1	2
['GCA_182225']	1	1
['GCA_198025', 'GCA_141509']	1	2
['GCA_146989']	1	1
['GCA_138218']	1	1
['GCA_95216', 'GCA_69744', 'GCA_288270', 'GCA_255167']	1	4
['GCA_34713']	1	1
['GCA_235095']	1	1
['GCA_251095']	1	1
['GCA_146134']	1	1
['GCA_298753']	1	1
['GCA_88701', 'GCA_222918']	1	2
['GCA_161720']	1	1
['GCA_150998']	1	1
['GCA_104381']	1	1
['GCA_193441']	1	1
['GCA_137511']	1	1
['GCA_268560', 'GCA_121419']	1	2
['GCA_112218']	1	1
['GCA_242275']	1	1
['GCA_190357']	1	1
['GCA_131079']	1	1
['GCA_176720']	1	1
['GCA_87078']	1	1
['GCA_136664']	1	1
['GCA_126345']	1	1
['GCA_107289']	1	1
['GCA_263557']	1	1
['GCA_132689']	1	1
