reference_file_name	sequence	peptidoform	usi	from_var_seq	tissue
01226_C03_P012502_S00_N19_R1	DPADATEAHESSSR	DPADATEAHESSSR	mzspec:PXD010154:01226_C03_P012502_S00_N19_R1:scan:3818:DPADATEAHESSSR/2	LLRDPADATEAHESSSRGEAGAPGEEDIQGPTKADTEK	liver
01276_B03_P013128_S00_N17_R1	DPADATEAHESSSR	DPADATEAHESSSR	mzspec:PXD010154:01276_B03_P013128_S00_N17_R1:scan:2990:DPADATEAHESSSR/2	LLRDPADATEAHESSSRGEAGAPGEEDIQGPTKADTEK	stomach
01276_C03_P013128_S00_N18_R1	DPADATEAHESSSR	DPADATEAHESSSR	mzspec:PXD010154:01276_C03_P013128_S00_N18_R1:scan:3329:DPADATEAHESSSR/2	LLRDPADATEAHESSSRGEAGAPGEEDIQGPTKADTEK	stomach
01276_G03_P013128_S00_N22_R1	DPADATEAHESSSRGEAGAPGEEDIQGPTK	DPADATEAHESSSRGEAGAPGEEDIQGPTK	mzspec:PXD010154:01276_G03_P013128_S00_N22_R1:scan:12825:DPADATEAHESSSRGEAGAPGEEDIQGPTK/3	LLRDPADATEAHESSSRGEAGAPGEEDIQGPTKADTEK	stomach
01276_G02_P013128_S00_N14_R1	LLRDPADATEAHESSSR	LLRDPADATEAHESSSR	mzspec:PXD010154:01276_G02_P013128_S00_N14_R1:scan:8455:LLRDPADATEAHESSSR/4	LLRDPADATEAHESSSRGEAGAPGEEDIQGPTKADTEK	stomach
01276_F02_P013128_S00_N13_R1	LLRDPADATEAHESSSR	LLRDPADATEAHESSSR	mzspec:PXD010154:01276_F02_P013128_S00_N13_R1:scan:8703:LLRDPADATEAHESSSR/4	LLRDPADATEAHESSSRGEAGAPGEEDIQGPTKADTEK	stomach
01276_F02_P013128_S00_N13_R1	LLRDPADATEAHESSSR	LLRDPADATEAHESSSR	mzspec:PXD010154:01276_F02_P013128_S00_N13_R1:scan:8724:LLRDPADATEAHESSSR/3	LLRDPADATEAHESSSRGEAGAPGEEDIQGPTKADTEK	stomach
01276_E02_P013128_S00_N12_R1	LLRDPADATEAHESSSR	LLRDPADATEAHESSSR	mzspec:PXD010154:01276_E02_P013128_S00_N12_R1:scan:8789:LLRDPADATEAHESSSR/4	LLRDPADATEAHESSSRGEAGAPGEEDIQGPTKADTEK	stomach
01276_E02_P013128_S00_N12_R1	LLRDPADATEAHESSSR	LLRDPADATEAHESSSR	mzspec:PXD010154:01276_E02_P013128_S00_N12_R1:scan:8854:LLRDPADATEAHESSSR/3	LLRDPADATEAHESSSRGEAGAPGEEDIQGPTKADTEK	stomach
01277_G03_P013129_S00_N23_R1	DPADATEAHESSSRGEAGAPGEEDIQGPTK	DPADATEAHESSSRGEAGAPGEEDIQGPTK	mzspec:PXD010154:01277_G03_P013129_S00_N23_R1:scan:11035:DPADATEAHESSSRGEAGAPGEEDIQGPTK/3	LLRDPADATEAHESSSRGEAGAPGEEDIQGPTKADTEK	brain
01277_C03_P013129_S00_N19_R1	DPADATEAHESSSR	DPADATEAHESSSR	mzspec:PXD010154:01277_C03_P013129_S00_N19_R1:scan:3243:DPADATEAHESSSR/2	LLRDPADATEAHESSSRGEAGAPGEEDIQGPTKADTEK	brain
01277_C03_P013129_S00_N19_R1	DPADATEAHESSSR	DPADATEAHESSSR	mzspec:PXD010154:01277_C03_P013129_S00_N19_R1:scan:3517:DPADATEAHESSSR/2	LLRDPADATEAHESSSRGEAGAPGEEDIQGPTKADTEK	brain
01277_B03_P013129_S00_N18_R1	DPADATEAHESSSR	DPADATEAHESSSR	mzspec:PXD010154:01277_B03_P013129_S00_N18_R1:scan:3148:DPADATEAHESSSR/3	LLRDPADATEAHESSSRGEAGAPGEEDIQGPTKADTEK	brain
01277_B03_P013129_S00_N18_R1	DPADATEAHESSSR	DPADATEAHESSSR	mzspec:PXD010154:01277_B03_P013129_S00_N18_R1:scan:3161:DPADATEAHESSSR/2	LLRDPADATEAHESSSRGEAGAPGEEDIQGPTKADTEK	brain
01295_F02_P013198_S00_N14_R2	LLRDPADATEAHESSSR	LLRDPADATEAHESSSR	mzspec:PXD010154:01295_F02_P013198_S00_N14_R2:scan:8018:LLRDPADATEAHESSSR/4	LLRDPADATEAHESSSRGEAGAPGEEDIQGPTKADTEK	esophagus
01296_G02_P013201_S00_N14_R1	LLRDPADATEAHESSSR	LLRDPADATEAHESSSR	mzspec:PXD010154:01296_G02_P013201_S00_N14_R1:scan:7115:LLRDPADATEAHESSSR/4	LLRDPADATEAHESSSRGEAGAPGEEDIQGPTKADTEK	heart
01308_B03_P013387_B00_N18_R1	DPADATEAHESSSR	DPADATEAHESSSR	mzspec:PXD010154:01308_B03_P013387_B00_N18_R1:scan:2820:DPADATEAHESSSR/2	LLRDPADATEAHESSSRGEAGAPGEEDIQGPTKADTEK	colon
01350_G02_P013681_S00_N15_R1	LLRDPADATEAHESSSR	LLRDPADATEAHESSSR	mzspec:PXD010154:01350_G02_P013681_S00_N15_R1:scan:6868:LLRDPADATEAHESSSR/4	LLRDPADATEAHESSSRGEAGAPGEEDIQGPTKADTEK	rectum
01350_F02_P013681_S00_N14_R1	LLRDPADATEAHESSSR	LLRDPADATEAHESSSR	mzspec:PXD010154:01350_F02_P013681_S00_N14_R1:scan:8214:LLRDPADATEAHESSSR/4	LLRDPADATEAHESSSRGEAGAPGEEDIQGPTKADTEK	rectum
01350_F02_P013681_S00_N14_R1	LLRDPADATEAHESSSR	LLRDPADATEAHESSSR	mzspec:PXD010154:01350_F02_P013681_S00_N14_R1:scan:8329:LLRDPADATEAHESSSR/3	LLRDPADATEAHESSSRGEAGAPGEEDIQGPTKADTEK	rectum
01350_F02_P013681_S00_N14_R1	LLRDPADATEAHESSSR	LLRDPADATEAHESSSR	mzspec:PXD010154:01350_F02_P013681_S00_N14_R1:scan:8610:LLRDPADATEAHESSSR/4	LLRDPADATEAHESSSRGEAGAPGEEDIQGPTKADTEK	rectum
01501_F02_P015161_S00_N14_R1	LLRDPADATEAHESSSR	LLRDPADATEAHESSSR	mzspec:PXD010154:01501_F02_P015161_S00_N14_R1:scan:7173:LLRDPADATEAHESSSR/4	LLRDPADATEAHESSSRGEAGAPGEEDIQGPTKADTEK	salivary gland
01697_G03_P018020_S00_N23_R2	DPADATEAHESSSRGEAGAPGEEDIQGPTKADTEK	DPADATEAHESSSRGEAGAPGEEDIQGPTKADTEK	mzspec:PXD010154:01697_G03_P018020_S00_N23_R2:scan:17752:DPADATEAHESSSRGEAGAPGEEDIQGPTKADTEK/5	LLRDPADATEAHESSSRGEAGAPGEEDIQGPTKADTEK	pituitary hypophysis
01697_G03_P018020_S00_N23_R2	DPADATEAHESSSRGEAGAPGEEDIQGPTKADTEK	DPADATEAHESSSRGEAGAPGEEDIQGPTKADTEK	mzspec:PXD010154:01697_G03_P018020_S00_N23_R2:scan:17835:DPADATEAHESSSRGEAGAPGEEDIQGPTKADTEK/4	LLRDPADATEAHESSSRGEAGAPGEEDIQGPTKADTEK	pituitary hypophysis
01698_F03_P018021_S00_N22_R1	DPADATEAHESSSRGEAGAPGEEDIQGPTKADTEK	DPADATEAHESSSRGEAGAPGEEDIQGPTKADTEK	mzspec:PXD010154:01698_F03_P018021_S00_N22_R1:scan:17258:DPADATEAHESSSRGEAGAPGEEDIQGPTKADTEK/4	LLRDPADATEAHESSSRGEAGAPGEEDIQGPTKADTEK	pituitary hypophysis
01698_F03_P018021_S00_N22_R1	DPADATEAHESSSRGEAGAPGEEDIQGPTKADTEK	DPADATEAHESSSRGEAGAPGEEDIQGPTKADTEK	mzspec:PXD010154:01698_F03_P018021_S00_N22_R1:scan:17652:DPADATEAHESSSRGEAGAPGEEDIQGPTKADTEK/4	LLRDPADATEAHESSSRGEAGAPGEEDIQGPTKADTEK	pituitary hypophysis
01698_F03_P018021_S00_N22_R1	DPADATEAHESSSRGEAGAPGEEDIQGPTKADTEK	DPADATEAHESSSRGEAGAPGEEDIQGPTKADTEK	mzspec:PXD010154:01698_F03_P018021_S00_N22_R1:scan:17682:DPADATEAHESSSRGEAGAPGEEDIQGPTKADTEK/5	LLRDPADATEAHESSSRGEAGAPGEEDIQGPTKADTEK	pituitary hypophysis
01698_F03_P018021_S00_N22_R1	DPADATEAHESSSRGEAGAPGEEDIQGPTK	DPADATEAHESSSRGEAGAPGEEDIQGPTK	mzspec:PXD010154:01698_F03_P018021_S00_N22_R1:scan:17992:DPADATEAHESSSRGEAGAPGEEDIQGPTK/3	LLRDPADATEAHESSSRGEAGAPGEEDIQGPTKADTEK	pituitary hypophysis
01698_F03_P018021_S00_N22_R1	DPADATEAHESSSRGEAGAPGEEDIQGPTK	DPADATEAHESSSRGEAGAPGEEDIQGPTK	mzspec:PXD010154:01698_F03_P018021_S00_N22_R1:scan:18242:DPADATEAHESSSRGEAGAPGEEDIQGPTK/4	LLRDPADATEAHESSSRGEAGAPGEEDIQGPTKADTEK	pituitary hypophysis
01698_F03_P018021_S00_N22_R1	DPADATEAHESSSRGEAGAPGEEDIQGPTK	DPADATEAHESSSRGEAGAPGEEDIQGPTK	mzspec:PXD010154:01698_F03_P018021_S00_N22_R1:scan:18376:DPADATEAHESSSRGEAGAPGEEDIQGPTK/3	LLRDPADATEAHESSSRGEAGAPGEEDIQGPTKADTEK	pituitary hypophysis
01698_F03_P018021_S00_N22_R1	DPADATEAHESSSRGEAGAPGEEDIQGPTKADTEK	DPADATEAHESSSRGEAGAPGEEDIQGPTKADTEK	mzspec:PXD010154:01698_F03_P018021_S00_N22_R1:scan:18425:DPADATEAHESSSRGEAGAPGEEDIQGPTKADTEK/4	LLRDPADATEAHESSSRGEAGAPGEEDIQGPTKADTEK	pituitary hypophysis
01698_F03_P018021_S00_N22_R1	DPADATEAHESSSRGEAGAPGEEDIQGPTK	DPADATEAHESSSRGEAGAPGEEDIQGPTK	mzspec:PXD010154:01698_F03_P018021_S00_N22_R1:scan:18753:DPADATEAHESSSRGEAGAPGEEDIQGPTK/3	LLRDPADATEAHESSSRGEAGAPGEEDIQGPTKADTEK	pituitary hypophysis
01698_G03_P018021_S00_N23_R1	DPADATEAHESSSRGEAGAPGEEDIQGPTKADTEK	DPADATEAHESSSRGEAGAPGEEDIQGPTKADTEK	mzspec:PXD010154:01698_G03_P018021_S00_N23_R1:scan:17404:DPADATEAHESSSRGEAGAPGEEDIQGPTKADTEK/4	LLRDPADATEAHESSSRGEAGAPGEEDIQGPTKADTEK	pituitary hypophysis
01698_G03_P018021_S00_N23_R1	DPADATEAHESSSRGEAGAPGEEDIQGPTKADTEK	DPADATEAHESSSRGEAGAPGEEDIQ[Deamidated]GPTKADTEK	mzspec:PXD010154:01698_G03_P018021_S00_N23_R1:scan:17791:DPADATEAHESSSRGEAGAPGEEDIQ[Deamidated]GPTKADTEK/4	LLRDPADATEAHESSSRGEAGAPGEEDIQGPTKADTEK	pituitary hypophysis
01698_G03_P018021_S00_N23_R1	DPADATEAHESSSRGEAGAPGEEDIQGPTKADTEK	DPADATEAHESSSRGEAGAPGEEDIQGPTKADTEK	mzspec:PXD010154:01698_G03_P018021_S00_N23_R1:scan:18175:DPADATEAHESSSRGEAGAPGEEDIQGPTKADTEK/4	LLRDPADATEAHESSSRGEAGAPGEEDIQGPTKADTEK	pituitary hypophysis
01698_C03_P018021_S00_N19_R1	LLRDPADATEAHESSSRGEAGAPGEEDIQGPTK	LLRDPADATEAHESSSRGEAGAPGEEDIQGPTK	mzspec:PXD010154:01698_C03_P018021_S00_N19_R1:scan:21670:LLRDPADATEAHESSSRGEAGAPGEEDIQGPTK/4	LLRDPADATEAHESSSRGEAGAPGEEDIQGPTKADTEK	pituitary hypophysis
01697_F03_P018020_S00_N22_R2	DPADATEAHESSSRGEAGAPGEEDIQGPTKADTEK	DPADATEAHESSSRGEAGAPGEEDIQGPTKADTEK	mzspec:PXD010154:01697_F03_P018020_S00_N22_R2:scan:17569:DPADATEAHESSSRGEAGAPGEEDIQGPTKADTEK/4	LLRDPADATEAHESSSRGEAGAPGEEDIQGPTKADTEK	pituitary hypophysis
01697_F03_P018020_S00_N22_R2	DPADATEAHESSSRGEAGAPGEEDIQGPTK	DPADATEAHESSSRGEAGAPGEEDIQGPTK	mzspec:PXD010154:01697_F03_P018020_S00_N22_R2:scan:18111:DPADATEAHESSSRGEAGAPGEEDIQGPTK/3	LLRDPADATEAHESSSRGEAGAPGEEDIQGPTKADTEK	pituitary hypophysis
01697_F03_P018020_S00_N22_R2	DPADATEAHESSSRGEAGAPGEEDIQGPTK	DPADATEAHESSSRGEAGAPGEEDIQGPTK	mzspec:PXD010154:01697_F03_P018020_S00_N22_R2:scan:18164:DPADATEAHESSSRGEAGAPGEEDIQGPTK/4	LLRDPADATEAHESSSRGEAGAPGEEDIQGPTKADTEK	pituitary hypophysis
01698_D03_P018021_S00_N20_R1	LLRDPADATEAHESSSRGEAGAPGEEDIQGPTK	LLRDPADATEAHESSSRGEAGAPGEEDIQGPTK	mzspec:PXD010154:01698_D03_P018021_S00_N20_R1:scan:21955:LLRDPADATEAHESSSRGEAGAPGEEDIQGPTK/4	LLRDPADATEAHESSSRGEAGAPGEEDIQGPTKADTEK	pituitary hypophysis
01277_A04_P013129_S00_N25_R1	ERADEPQWSLYPSNSQVSEEVK	ERADEPQWSLYPSN[Deamidated]SQVSEEVK	mzspec:PXD010154:01277_A04_P013129_S00_N25_R1:scan:25297:ERADEPQWSLYPSN[Deamidated]SQVSEEVK/3	ERADEPQWSLYPSNSQVSEEVKTR	brain
01277_A04_P013129_S00_N25_R1	ERADEPQWSLYPSNSQVSEEVK	ERADEPQWSLYPSNSQ[Deamidated]VSEEVK	mzspec:PXD010154:01277_A04_P013129_S00_N25_R1:scan:25630:ERADEPQWSLYPSNSQ[Deamidated]VSEEVK/3	ERADEPQWSLYPSNSQVSEEVKTR	brain
01277_B04_P013129_S00_N26_R1	ERADEPQWSLYPSNSQVSEEVK	ERADEPQWSLYPSN[Deamidated]SQVSEEVK	mzspec:PXD010154:01277_B04_P013129_S00_N26_R1:scan:24719:ERADEPQWSLYPSN[Deamidated]SQVSEEVK/3	ERADEPQWSLYPSNSQVSEEVKTR	brain
01524_A04_P015424_S00_N25_R1	ERADEPQWSLYPSNSQVSEEVK	ERADEPQWSLYPSN[Deamidated]SQVSEEVK	mzspec:PXD010154:01524_A04_P015424_S00_N25_R1:scan:31210:ERADEPQWSLYPSN[Deamidated]SQVSEEVK/4	ERADEPQWSLYPSNSQVSEEVKTR	adrenal gland
01524_C03_P015424_S00_N19_R1	ADEPQWSLYPSNSQVSEEVKTR	ADEPQ[Deamidated]WSLYPSN[Deamidated]SQVSEEVKTR	mzspec:PXD010154:01524_C03_P015424_S00_N19_R1:scan:28991:ADEPQ[Deamidated]WSLYPSN[Deamidated]SQVSEEVKTR/3	ERADEPQWSLYPSNSQVSEEVKTR	adrenal gland
01524_C05_P015424_S00_N35_R1	ERADEPQWSLYPSNSQVSEEVK	ERADEPQWSLYPSN[Deamidated]SQVSEEVK	mzspec:PXD010154:01524_C05_P015424_S00_N35_R1:scan:18975:ERADEPQWSLYPSN[Deamidated]SQVSEEVK/3	ERADEPQWSLYPSNSQVSEEVKTR	adrenal gland
01524_F03_P015424_S00_N22_R1	ERADEPQWSLYPSNSQVSEEVK	ERADEPQWSLYPSN[Deamidated]SQVSEEVK	mzspec:PXD010154:01524_F03_P015424_S00_N22_R1:scan:29838:ERADEPQWSLYPSN[Deamidated]SQVSEEVK/2	ERADEPQWSLYPSNSQVSEEVKTR	adrenal gland
01697_A04_P018020_S00_N25_R2	ERADEPQWSLYPSNSQVSEEVK	ERADEPQ[Deamidated]WSLYPSN[Deamidated]SQVSEEVK	mzspec:PXD010154:01697_A04_P018020_S00_N25_R2:scan:36994:ERADEPQ[Deamidated]WSLYPSN[Deamidated]SQVSEEVK/3	ERADEPQWSLYPSNSQVSEEVKTR	pituitary hypophysis
01697_A04_P018020_S00_N25_R2	ERADEPQWSLYPSNSQVSEEVK	ERADEPQ[Deamidated]WSLYPSN[Deamidated]SQVSEEVK	mzspec:PXD010154:01697_A04_P018020_S00_N25_R2:scan:37096:ERADEPQ[Deamidated]WSLYPSN[Deamidated]SQVSEEVK/2	ERADEPQWSLYPSNSQVSEEVKTR	pituitary hypophysis
01524_F04_P015424_S00_N30_R1	ERADEPQWSLYPSNSQVSEEVK	ERADEPQWSLYPSN[Deamidated]SQVSEEVK	mzspec:PXD010154:01524_F04_P015424_S00_N30_R1:scan:25734:ERADEPQWSLYPSN[Deamidated]SQVSEEVK/3	ERADEPQWSLYPSNSQVSEEVKTR	adrenal gland
01524_D03_P015424_S00_N20_R1	ERADEPQWSLYPSNSQVSEEVKTR	ERADEPQWSLYPSN[Deamidated]SQVSEEVKTR	mzspec:PXD010154:01524_D03_P015424_S00_N20_R1:scan:27047:ERADEPQWSLYPSN[Deamidated]SQVSEEVKTR/3	ERADEPQWSLYPSNSQVSEEVKTR	adrenal gland
01697_E03_P018020_S00_N21_R2	ERADEPQWSLYPSNSQVSEEVKTR	ERADEPQWSLYPSN[Deamidated]SQVSEEVKTR	mzspec:PXD010154:01697_E03_P018020_S00_N21_R2:scan:34409:ERADEPQWSLYPSN[Deamidated]SQVSEEVKTR/3	ERADEPQWSLYPSNSQVSEEVKTR	pituitary hypophysis
01697_E03_P018020_S00_N21_R2	ERADEPQWSLYPSNSQVSEEVKTR	ERADEPQWSLYPSN[Deamidated]SQVSEEVKTR	mzspec:PXD010154:01697_E03_P018020_S00_N21_R2:scan:34835:ERADEPQWSLYPSN[Deamidated]SQVSEEVKTR/3	ERADEPQWSLYPSNSQVSEEVKTR	pituitary hypophysis
01697_E03_P018020_S00_N21_R2	ADEPQWSLYPSNSQVSEEVKTR	ADEPQWSLYPSN[Deamidated]SQVSEEVKTR	mzspec:PXD010154:01697_E03_P018020_S00_N21_R2:scan:36903:ADEPQWSLYPSN[Deamidated]SQVSEEVKTR/3	ERADEPQWSLYPSNSQVSEEVKTR	pituitary hypophysis
01697_E03_P018020_S00_N21_R2	ADEPQWSLYPSNSQVSEEVKTR	ADEPQWSLYPSN[Deamidated]SQVSEEVKTR	mzspec:PXD010154:01697_E03_P018020_S00_N21_R2:scan:37055:ADEPQWSLYPSN[Deamidated]SQVSEEVKTR/2	ERADEPQWSLYPSNSQVSEEVKTR	pituitary hypophysis
01697_E03_P018020_S00_N21_R2	ERADEPQWSLYPSNSQVSEEVKTR	ERADEPQWSLYPSN[Deamidated]SQVSEEVKTR	mzspec:PXD010154:01697_E03_P018020_S00_N21_R2:scan:37771:ERADEPQWSLYPSN[Deamidated]SQVSEEVKTR/3	ERADEPQWSLYPSNSQVSEEVKTR	pituitary hypophysis
01697_E03_P018020_S00_N21_R2	ADEPQWSLYPSNSQVSEEVKTR	ADEPQWSLYPSN[Deamidated]SQVSEEVKTR	mzspec:PXD010154:01697_E03_P018020_S00_N21_R2:scan:38117:ADEPQWSLYPSN[Deamidated]SQVSEEVKTR/3	ERADEPQWSLYPSNSQVSEEVKTR	pituitary hypophysis
01697_E03_P018020_S00_N21_R2	ADEPQWSLYPSNSQVSEEVKTR	ADEPQWSLYPSN[Deamidated]SQVSEEVKTR	mzspec:PXD010154:01697_E03_P018020_S00_N21_R2:scan:38950:ADEPQWSLYPSN[Deamidated]SQVSEEVKTR/3	ERADEPQWSLYPSNSQVSEEVKTR	pituitary hypophysis
01697_E03_P018020_S00_N21_R2	ADEPQWSLYPSNSQVSEEVKTR	ADEPQWSLYPSN[Deamidated]SQVSEEVKTR	mzspec:PXD010154:01697_E03_P018020_S00_N21_R2:scan:39895:ADEPQWSLYPSN[Deamidated]SQVSEEVKTR/3	ERADEPQWSLYPSNSQVSEEVKTR	pituitary hypophysis
01697_B04_P018020_S00_N26_R2	ADEPQWSLYPSNSQVSEEVK	ADEPQWSLYPSN[Deamidated]SQVSEEVK	mzspec:PXD010154:01697_B04_P018020_S00_N26_R2:scan:40116:ADEPQWSLYPSN[Deamidated]SQVSEEVK/3	ERADEPQWSLYPSNSQVSEEVKTR	pituitary hypophysis
01698_A04_P018021_S00_N25_R1	ERADEPQWSLYPSNSQVSEEVK	ERADEPQWSLYPSN[Deamidated]SQVSEEVK	mzspec:PXD010154:01698_A04_P018021_S00_N25_R1:scan:36149:ERADEPQWSLYPSN[Deamidated]SQVSEEVK/2	ERADEPQWSLYPSNSQVSEEVKTR	pituitary hypophysis
01698_A04_P018021_S00_N25_R1	ERADEPQWSLYPSNSQVSEEVK	ERADEPQWSLYPSN[Deamidated]SQVSEEVK	mzspec:PXD010154:01698_A04_P018021_S00_N25_R1:scan:36422:ERADEPQWSLYPSN[Deamidated]SQVSEEVK/3	ERADEPQWSLYPSNSQVSEEVKTR	pituitary hypophysis
01698_A04_P018021_S00_N25_R1	ERADEPQWSLYPSNSQVSEEVK	ERADEPQ[Deamidated]WSLYPSN[Deamidated]SQVSEEVK	mzspec:PXD010154:01698_A04_P018021_S00_N25_R1:scan:36808:ERADEPQ[Deamidated]WSLYPSN[Deamidated]SQVSEEVK/3	ERADEPQWSLYPSNSQVSEEVKTR	pituitary hypophysis
01697_G03_P018020_S00_N23_R2	ERADEPQWSLYPSNSQVSEEVKTR	ERADEPQWSLYPSNSQ[Deamidated]VSEEVKTR	mzspec:PXD010154:01697_G03_P018020_S00_N23_R2:scan:35335:ERADEPQWSLYPSNSQ[Deamidated]VSEEVKTR/4	ERADEPQWSLYPSNSQVSEEVKTR	pituitary hypophysis
01698_E03_P018021_S00_N21_R1	ERADEPQWSLYPSNSQVSEEVKTR	ERADEPQWSLYPSN[Deamidated]SQVSEEVKTR	mzspec:PXD010154:01698_E03_P018021_S00_N21_R1:scan:34666:ERADEPQWSLYPSN[Deamidated]SQVSEEVKTR/3	ERADEPQWSLYPSNSQVSEEVKTR	pituitary hypophysis
01698_E03_P018021_S00_N21_R1	ADEPQWSLYPSNSQVSEEVKTR	ADEPQ[Deamidated]WSLYPSN[Deamidated]SQ[Deamidated]VSEEVKTR	mzspec:PXD010154:01698_E03_P018021_S00_N21_R1:scan:36445:ADEPQ[Deamidated]WSLYPSN[Deamidated]SQ[Deamidated]VSEEVKTR/3	ERADEPQWSLYPSNSQVSEEVKTR	pituitary hypophysis
01698_F03_P018021_S00_N22_R1	ADEPQWSLYPSNSQVSEEVKTR	ADEPQWSLYPSN[Deamidated]SQVSEEVKTR	mzspec:PXD010154:01698_F03_P018021_S00_N22_R1:scan:37069:ADEPQWSLYPSN[Deamidated]SQVSEEVKTR/3	ERADEPQWSLYPSNSQVSEEVKTR	pituitary hypophysis
01697_D03_P018020_S00_N20_R2	ERADEPQWSLYPSNSQVSEEVKTR	ERADEPQWSLYPSN[Deamidated]SQVSEEVKTR	mzspec:PXD010154:01697_D03_P018020_S00_N20_R2:scan:35137:ERADEPQWSLYPSN[Deamidated]SQVSEEVKTR/4	ERADEPQWSLYPSNSQVSEEVKTR	pituitary hypophysis
01697_D03_P018020_S00_N20_R2	ERADEPQWSLYPSNSQVSEEVKTR	ERADEPQ[Deamidated]WSLYPSN[Deamidated]SQVSEEVKTR	mzspec:PXD010154:01697_D03_P018020_S00_N20_R2:scan:35138:ERADEPQ[Deamidated]WSLYPSN[Deamidated]SQVSEEVKTR/3	ERADEPQWSLYPSNSQVSEEVKTR	pituitary hypophysis
01697_D03_P018020_S00_N20_R2	ERADEPQWSLYPSNSQVSEEVKTR	ERADEPQWSLYPSN[Deamidated]SQVSEEVKTR	mzspec:PXD010154:01697_D03_P018020_S00_N20_R2:scan:35563:ERADEPQWSLYPSN[Deamidated]SQVSEEVKTR/3	ERADEPQWSLYPSNSQVSEEVKTR	pituitary hypophysis
01697_D03_P018020_S00_N20_R2	ERADEPQWSLYPSNSQVSEEVKTR	ERADEPQ[Deamidated]WSLYPSN[Deamidated]SQVSEEVKTR	mzspec:PXD010154:01697_D03_P018020_S00_N20_R2:scan:37578:ERADEPQ[Deamidated]WSLYPSN[Deamidated]SQVSEEVKTR/3	ERADEPQWSLYPSNSQVSEEVKTR	pituitary hypophysis
01698_G03_P018021_S00_N23_R1	ERADEPQWSLYPSNSQVSEEVKTR	ERADEPQWSLYPSN[Deamidated]SQVSEEVKTR	mzspec:PXD010154:01698_G03_P018021_S00_N23_R1:scan:34765:ERADEPQWSLYPSN[Deamidated]SQVSEEVKTR/3	ERADEPQWSLYPSNSQVSEEVKTR	pituitary hypophysis
01698_G03_P018021_S00_N23_R1	ADEPQWSLYPSNSQVSEEVKTR	ADEPQWSLYPSN[Deamidated]SQVSEEVKTR	mzspec:PXD010154:01698_G03_P018021_S00_N23_R1:scan:37651:ADEPQWSLYPSN[Deamidated]SQVSEEVKTR/2	ERADEPQWSLYPSNSQVSEEVKTR	pituitary hypophysis
01698_B04_P018021_S00_N26_R1	ERADEPQWSLYPSNSQVSEEVK	ERADEPQWSLYPSN[Deamidated]SQVSEEVK	mzspec:PXD010154:01698_B04_P018021_S00_N26_R1:scan:36144:ERADEPQWSLYPSN[Deamidated]SQVSEEVK/3	ERADEPQWSLYPSNSQVSEEVKTR	pituitary hypophysis
01698_B04_P018021_S00_N26_R1	ERADEPQWSLYPSNSQVSEEVK	ERADEPQWSLYPSN[Deamidated]SQVSEEVK	mzspec:PXD010154:01698_B04_P018021_S00_N26_R1:scan:36527:ERADEPQWSLYPSN[Deamidated]SQVSEEVK/3	ERADEPQWSLYPSNSQVSEEVKTR	pituitary hypophysis
01698_H03_P018021_S00_N24_R1	ERADEPQWSLYPSNSQVSEEVK	ERADEPQWSLYPSN[Deamidated]SQVSEEVK	mzspec:PXD010154:01698_H03_P018021_S00_N24_R1:scan:36934:ERADEPQWSLYPSN[Deamidated]SQVSEEVK/2	ERADEPQWSLYPSNSQVSEEVKTR	pituitary hypophysis
01698_D03_P018021_S00_N20_R1	ERADEPQWSLYPSNSQVSEEVKTR	ERADEPQ[Deamidated]WSLYPSN[Deamidated]SQVSEEVKTR	mzspec:PXD010154:01698_D03_P018021_S00_N20_R1:scan:34484:ERADEPQ[Deamidated]WSLYPSN[Deamidated]SQVSEEVKTR/4	ERADEPQWSLYPSNSQVSEEVKTR	pituitary hypophysis
01698_D03_P018021_S00_N20_R1	ERADEPQWSLYPSNSQVSEEVKTR	ERADEPQWSLYPSN[Deamidated]SQVSEEVKTR	mzspec:PXD010154:01698_D03_P018021_S00_N20_R1:scan:36064:ERADEPQWSLYPSN[Deamidated]SQVSEEVKTR/3	ERADEPQWSLYPSNSQVSEEVKTR	pituitary hypophysis
01698_D03_P018021_S00_N20_R1	ERADEPQWSLYPSNSQVSEEVKTR	ERADEPQWSLYPSN[Deamidated]SQVSEEVKTR	mzspec:PXD010154:01698_D03_P018021_S00_N20_R1:scan:36941:ERADEPQWSLYPSN[Deamidated]SQVSEEVKTR/3	ERADEPQWSLYPSNSQVSEEVKTR	pituitary hypophysis
01698_D03_P018021_S00_N20_R1	ERADEPQWSLYPSNSQVSEEVKTR	ERADEPQWSLYPSN[Deamidated]SQVSEEVKTR	mzspec:PXD010154:01698_D03_P018021_S00_N20_R1:scan:37348:ERADEPQWSLYPSN[Deamidated]SQVSEEVKTR/3	ERADEPQWSLYPSNSQVSEEVKTR	pituitary hypophysis
01698_D03_P018021_S00_N20_R1	ERADEPQWSLYPSNSQVSEEVKTR	ERADEPQ[Deamidated]WSLYPSN[Deamidated]SQVSEEVKTR	mzspec:PXD010154:01698_D03_P018021_S00_N20_R1:scan:41741:ERADEPQ[Deamidated]WSLYPSN[Deamidated]SQVSEEVKTR/4	ERADEPQWSLYPSNSQVSEEVKTR	pituitary hypophysis
01698_H04_P018021_S00_N32_R1	ERADEPQWSLYPSNSQVSEEVK	ERADEPQWSLYPSN[Deamidated]SQVSEEVK	mzspec:PXD010154:01698_H04_P018021_S00_N32_R1:scan:36402:ERADEPQWSLYPSN[Deamidated]SQVSEEVK/3	ERADEPQWSLYPSNSQVSEEVKTR	pituitary hypophysis
01697_G03_P018020_S00_N23_R2	GEQGEDSSEEKHLEEPGETQNAFLNERK	GEQGEDSSEEKHLEEPGETQNAFLNERK	mzspec:PXD010154:01697_G03_P018020_S00_N23_R2:scan:23850:GEQGEDSSEEKHLEEPGETQNAFLNERK/5	SQREDEEEEEGENYQKGEQGEDSSEEKHLEEPGETQNAFLNERK	pituitary hypophysis
01698_C04_P018021_S00_N27_R1	GEQGEDSSEEKHLEEPGETQNAFLNER	GEQGEDSSEEKHLEEPGETQNAFLNER	mzspec:PXD010154:01698_C04_P018021_S00_N27_R1:scan:26431:GEQGEDSSEEKHLEEPGETQNAFLNER/4	SQREDEEEEEGENYQKGEQGEDSSEEKHLEEPGETQNAFLNERK	pituitary hypophysis
01698_C04_P018021_S00_N27_R1	GEQGEDSSEEKHLEEPGETQNAFLNER	GEQGEDSSEEKHLEEPGETQNAFLNER	mzspec:PXD010154:01698_C04_P018021_S00_N27_R1:scan:26767:GEQGEDSSEEKHLEEPGETQNAFLNER/3	SQREDEEEEEGENYQKGEQGEDSSEEKHLEEPGETQNAFLNERK	pituitary hypophysis
01698_C04_P018021_S00_N27_R1	GEQGEDSSEEKHLEEPGETQNAFLNER	GEQGEDSSEEKHLEEPGETQNAFLNER	mzspec:PXD010154:01698_C04_P018021_S00_N27_R1:scan:26795:GEQGEDSSEEKHLEEPGETQNAFLNER/4	SQREDEEEEEGENYQKGEQGEDSSEEKHLEEPGETQNAFLNERK	pituitary hypophysis
01698_C04_P018021_S00_N27_R1	GEQGEDSSEEKHLEEPGETQNAFLNER	GEQGEDSSEEKHLEEPGETQNAFLNER	mzspec:PXD010154:01698_C04_P018021_S00_N27_R1:scan:27134:GEQGEDSSEEKHLEEPGETQNAFLNER/3	SQREDEEEEEGENYQKGEQGEDSSEEKHLEEPGETQNAFLNERK	pituitary hypophysis
01698_C04_P018021_S00_N27_R1	GEQGEDSSEEKHLEEPGETQNAFLNER	GEQGEDSSEEKHLEEPGETQNAFLNER	mzspec:PXD010154:01698_C04_P018021_S00_N27_R1:scan:27168:GEQGEDSSEEKHLEEPGETQNAFLNER/4	SQREDEEEEEGENYQKGEQGEDSSEEKHLEEPGETQNAFLNERK	pituitary hypophysis
01698_E04_P018021_S00_N29_R1	GEQGEDSSEEKHLEEPGETQNAFLNER	GEQGEDSSEEKHLEEPGETQNAFLNER	mzspec:PXD010154:01698_E04_P018021_S00_N29_R1:scan:26576:GEQGEDSSEEKHLEEPGETQNAFLNER/4	SQREDEEEEEGENYQKGEQGEDSSEEKHLEEPGETQNAFLNERK	pituitary hypophysis
01697_H03_P018020_S00_N24_R2	GEQGEDSSEEKHLEEPGETQNAFLNERK	GEQGEDSSEEKHLEEPGETQNAFLNERK	mzspec:PXD010154:01697_H03_P018020_S00_N24_R2:scan:23467:GEQGEDSSEEKHLEEPGETQNAFLNERK/4	SQREDEEEEEGENYQKGEQGEDSSEEKHLEEPGETQNAFLNERK	pituitary hypophysis
01698_G03_P018021_S00_N23_R1	GEQGEDSSEEKHLEEPGETQNAFLNERK	GEQGEDSSEEKHLEEPGETQ[Deamidated]NAFLNERK	mzspec:PXD010154:01698_G03_P018021_S00_N23_R1:scan:24278:GEQGEDSSEEKHLEEPGETQ[Deamidated]NAFLNERK/4	SQREDEEEEEGENYQKGEQGEDSSEEKHLEEPGETQNAFLNERK	pituitary hypophysis
01698_G03_P018021_S00_N23_R1	GEQGEDSSEEKHLEEPGETQNAFLNERK	GEQGEDSSEEKHLEEPGETQNAFLNERK	mzspec:PXD010154:01698_G03_P018021_S00_N23_R1:scan:24659:GEQGEDSSEEKHLEEPGETQNAFLNERK/4	SQREDEEEEEGENYQKGEQGEDSSEEKHLEEPGETQNAFLNERK	pituitary hypophysis
01698_H03_P018021_S00_N24_R1	GEQGEDSSEEKHLEEPGETQNAFLNERK	GEQGEDSSEEKHLEEPGETQNAFLNERK	mzspec:PXD010154:01698_H03_P018021_S00_N24_R1:scan:23601:GEQGEDSSEEKHLEEPGETQNAFLNERK/4	SQREDEEEEEGENYQKGEQGEDSSEEKHLEEPGETQNAFLNERK	pituitary hypophysis
01698_F04_P018021_S00_N30_R1	GEQGEDSSEEKHLEEPGETQNAFLNER	GEQGEDSSEEKHLEEPGETQ[Deamidated]N[Deamidated]AFLNER	mzspec:PXD010154:01698_F04_P018021_S00_N30_R1:scan:25881:GEQGEDSSEEKHLEEPGETQ[Deamidated]N[Deamidated]AFLNER/4	SQREDEEEEEGENYQKGEQGEDSSEEKHLEEPGETQNAFLNERK	pituitary hypophysis
01698_F04_P018021_S00_N30_R1	GEQGEDSSEEKHLEEPGETQNAFLNER	GEQGEDSSEEKHLEEPGETQN[Deamidated]AFLNER	mzspec:PXD010154:01698_F04_P018021_S00_N30_R1:scan:27556:GEQGEDSSEEKHLEEPGETQN[Deamidated]AFLNER/4	SQREDEEEEEGENYQKGEQGEDSSEEKHLEEPGETQNAFLNERK	pituitary hypophysis
01698_H04_P018021_S00_N32_R1	EDEEEEEGENYQKGEQGEDSSEEK	EDEEEEEGENYQKGEQGEDSSEEK	mzspec:PXD010154:01698_H04_P018021_S00_N32_R1:scan:12894:EDEEEEEGENYQKGEQGEDSSEEK/3	SQREDEEEEEGENYQKGEQGEDSSEEKHLEEPGETQNAFLNERK	pituitary hypophysis
01698_D04_P018021_S00_N28_R1	GEQGEDSSEEKHLEEPGETQNAFLNER	GEQGEDSSEEKHLEEPGETQNAFLNER	mzspec:PXD010154:01698_D04_P018021_S00_N28_R1:scan:27051:GEQGEDSSEEKHLEEPGETQNAFLNER/3	SQREDEEEEEGENYQKGEQGEDSSEEKHLEEPGETQNAFLNERK	pituitary hypophysis
01698_G04_P018021_S00_N31_R1	EDEEEEEGENYQKGEQGEDSSEEK	EDEEEEEGEN[Deamidated]YQKGEQGEDSSEEK	mzspec:PXD010154:01698_G04_P018021_S00_N31_R1:scan:13661:EDEEEEEGEN[Deamidated]YQKGEQGEDSSEEK/3	SQREDEEEEEGENYQKGEQGEDSSEEKHLEEPGETQNAFLNERK	pituitary hypophysis
01284_C03_P013188_B00_N19_R1	SSQESGEEAGSQENHPQESK	SSQESGEEAGSQENHPQESK	mzspec:PXD010154:01284_C03_P013188_B00_N19_R1:scan:2320:SSQESGEEAGSQENHPQESK/3	EKSSQESGEEAGSQENHPQESKGQPR	small intestine
01284_C03_P013188_B00_N19_R1	SSQESGEEAGSQENHPQESK	SSQESGEEAGSQENHPQESK	mzspec:PXD010154:01284_C03_P013188_B00_N19_R1:scan:2338:SSQESGEEAGSQENHPQESK/2	EKSSQESGEEAGSQENHPQESKGQPR	small intestine
01284_C03_P013188_B00_N19_R1	SSQESGEEAGSQENHPQESK	SSQESGEEAGSQENHPQESK	mzspec:PXD010154:01284_C03_P013188_B00_N19_R1:scan:2343:SSQESGEEAGSQENHPQESK/2	EKSSQESGEEAGSQENHPQESKGQPR	small intestine
01295_C03_P013198_S00_N19_R2	SSQESGEEAGSQENHPQESK	SSQESGEEAGSQENHPQESK	mzspec:PXD010154:01295_C03_P013198_S00_N19_R2:scan:2081:SSQESGEEAGSQENHPQESK/3	EKSSQESGEEAGSQENHPQESKGQPR	esophagus
01295_D03_P013198_S00_N20_R1	SSQESGEEAGSQENHPQESK	SSQESGEEAGSQENHPQESK	mzspec:PXD010154:01295_D03_P013198_S00_N20_R1:scan:2066:SSQESGEEAGSQENHPQESK/3	EKSSQESGEEAGSQENHPQESKGQPR	esophagus
01524_A02_P015424_S00_N09_R1	SSQESGEEAGSQENHPQESK	SSQESGEEAGSQENHPQESK	mzspec:PXD010154:01524_A02_P015424_S00_N09_R1:scan:2205:SSQESGEEAGSQENHPQESK/3	EKSSQESGEEAGSQENHPQESKGQPR	adrenal gland
01524_B03_P015424_S00_N18_R1	SSQESGEEAGSQENHPQESK	SSQESGEEAGSQENHPQESK	mzspec:PXD010154:01524_B03_P015424_S00_N18_R1:scan:2064:SSQESGEEAGSQENHPQESK/3	EKSSQESGEEAGSQENHPQESKGQPR	adrenal gland
01524_C03_P015424_S00_N19_R1	SSQESGEEAGSQENHPQESK	SSQESGEEAGSQEN[Deamidated]HPQESK	mzspec:PXD010154:01524_C03_P015424_S00_N19_R1:scan:2115:SSQESGEEAGSQEN[Deamidated]HPQESK/3	EKSSQESGEEAGSQENHPQESKGQPR	adrenal gland
01524_C03_P015424_S00_N19_R1	SSQESGEEAGSQENHPQESK	SSQESGEEAGSQEN[Deamidated]HPQESK	mzspec:PXD010154:01524_C03_P015424_S00_N19_R1:scan:2401:SSQESGEEAGSQEN[Deamidated]HPQESK/3	EKSSQESGEEAGSQENHPQESKGQPR	adrenal gland
01524_B02_P015424_S00_N10_R1	SSQESGEEAGSQENHPQESK	SSQESGEEAGSQENHPQESK	mzspec:PXD010154:01524_B02_P015424_S00_N10_R1:scan:2111:SSQESGEEAGSQENHPQESK/3	EKSSQESGEEAGSQENHPQESKGQPR	adrenal gland
01524_G03_P015424_S00_N23_R1	SSQESGEEAGSQENHPQESK	SSQESGEEAGSQENHPQESK	mzspec:PXD010154:01524_G03_P015424_S00_N23_R1:scan:1892:SSQESGEEAGSQENHPQESK/3	EKSSQESGEEAGSQENHPQESKGQPR	adrenal gland
01524_H02_P015424_S00_N16_R1	EKSSQESGEEAGSQENHPQESK	EKSSQESGEEAGSQENHPQESK	mzspec:PXD010154:01524_H02_P015424_S00_N16_R1:scan:2094:EKSSQESGEEAGSQENHPQESK/3	EKSSQESGEEAGSQENHPQESKGQPR	adrenal gland
01524_C02_P015424_S00_N11_R1	SSQESGEEAGSQENHPQESK	SSQESGEEAGSQENHPQESK	mzspec:PXD010154:01524_C02_P015424_S00_N11_R1:scan:1991:SSQESGEEAGSQENHPQESK/3	EKSSQESGEEAGSQENHPQESKGQPR	adrenal gland
01524_E03_P015424_S00_N21_R1	SSQESGEEAGSQENHPQESK	SSQESGEEAGSQEN[Deamidated]HPQESK	mzspec:PXD010154:01524_E03_P015424_S00_N21_R1:scan:2067:SSQESGEEAGSQEN[Deamidated]HPQESK/3	EKSSQESGEEAGSQENHPQESKGQPR	adrenal gland
01524_E03_P015424_S00_N21_R1	SSQESGEEAGSQENHPQESK	SSQESGEEAGSQEN[Deamidated]HPQESK	mzspec:PXD010154:01524_E03_P015424_S00_N21_R1:scan:2358:SSQESGEEAGSQEN[Deamidated]HPQESK/3	EKSSQESGEEAGSQENHPQESKGQPR	adrenal gland
01524_E03_P015424_S00_N21_R1	SSQESGEEAGSQENHPQESK	SSQESGEEAGSQEN[Deamidated]HPQESK	mzspec:PXD010154:01524_E03_P015424_S00_N21_R1:scan:2637:SSQESGEEAGSQEN[Deamidated]HPQESK/3	EKSSQESGEEAGSQENHPQESKGQPR	adrenal gland
01524_A03_P015424_S00_N17_R1	SSQESGEEAGSQENHPQESK	SSQESGEEAGSQENHPQESK	mzspec:PXD010154:01524_A03_P015424_S00_N17_R1:scan:1983:SSQESGEEAGSQENHPQESK/3	EKSSQESGEEAGSQENHPQESKGQPR	adrenal gland
01524_A03_P015424_S00_N17_R1	SSQESGEEAGSQENHPQESK	SSQESGEEAGSQENHPQESK	mzspec:PXD010154:01524_A03_P015424_S00_N17_R1:scan:2251:SSQESGEEAGSQENHPQESK/3	EKSSQESGEEAGSQENHPQESKGQPR	adrenal gland
01698_D04_P018021_S00_N28_R1	EKSSQESGEEAGSQENHPQESKGQPR	EKSSQESGEEAGSQENHPQESKGQPR	mzspec:PXD010154:01698_D04_P018021_S00_N28_R1:scan:5314:EKSSQESGEEAGSQENHPQESKGQPR/4	EKSSQESGEEAGSQENHPQESKGQPR	pituitary hypophysis
01276_E04_P013128_S00_N28_R1	GYPGVQGPEDLEWER	GYPGVQGPEDLEWER	mzspec:PXD010154:01276_E04_P013128_S00_N28_R1:scan:26076:GYPGVQGPEDLEWER/2	DHHSTHYRASEEEPEYGEEIKGYPGVQGPEDLEWERYRGR	stomach
01276_E04_P013128_S00_N28_R1	GYPGVQGPEDLEWER	GYPGVQGPEDLEWER	mzspec:PXD010154:01276_E04_P013128_S00_N28_R1:scan:26391:GYPGVQGPEDLEWER/2	DHHSTHYRASEEEPEYGEEIKGYPGVQGPEDLEWERYRGR	stomach
01276_F04_P013128_S00_N29_R1	GYPGVQGPEDLEWER	GYPGVQGPEDLEWER	mzspec:PXD010154:01276_F04_P013128_S00_N29_R1:scan:26658:GYPGVQGPEDLEWER/2	DHHSTHYRASEEEPEYGEEIKGYPGVQGPEDLEWERYRGR	stomach
01276_F04_P013128_S00_N29_R1	GYPGVQGPEDLEWER	GYPGVQGPEDLEWER	mzspec:PXD010154:01276_F04_P013128_S00_N29_R1:scan:27002:GYPGVQGPEDLEWER/2	DHHSTHYRASEEEPEYGEEIKGYPGVQGPEDLEWERYRGR	stomach
01284_A05_P013188_B00_N33_R2	ASEEEPEYGEEIKGYPGVQGPEDLEWER	ASEEEPEYGEEIKGYPGVQGPEDLEWER	mzspec:PXD010154:01284_A05_P013188_B00_N33_R2:scan:29441:ASEEEPEYGEEIKGYPGVQGPEDLEWER/3	DHHSTHYRASEEEPEYGEEIKGYPGVQGPEDLEWERYRGR	small intestine
01283_E04_P013187_S00_N29_R1	GYPGVQGPEDLEWER	GYPGVQGPEDLEWER	mzspec:PXD010154:01283_E04_P013187_S00_N29_R1:scan:25291:GYPGVQGPEDLEWER/2	DHHSTHYRASEEEPEYGEEIKGYPGVQGPEDLEWERYRGR	duodenum
01277_F04_P013129_S00_N30_R1	GYPGVQGPEDLEWER	GYPGVQGPEDLEWER	mzspec:PXD010154:01277_F04_P013129_S00_N30_R1:scan:25415:GYPGVQGPEDLEWER/2	DHHSTHYRASEEEPEYGEEIKGYPGVQGPEDLEWERYRGR	brain
01284_D04_P013188_B00_N28_R1	GYPGVQGPEDLEWER	GYPGVQGPEDLEWER	mzspec:PXD010154:01284_D04_P013188_B00_N28_R1:scan:29167:GYPGVQGPEDLEWER/2	DHHSTHYRASEEEPEYGEEIKGYPGVQGPEDLEWERYRGR	small intestine
01284_D04_P013188_B00_N28_R1	GYPGVQGPEDLEWER	GYPGVQGPEDLEWER	mzspec:PXD010154:01284_D04_P013188_B00_N28_R1:scan:29254:GYPGVQGPEDLEWER/2	DHHSTHYRASEEEPEYGEEIKGYPGVQGPEDLEWERYRGR	small intestine
01283_F04_P013187_S00_N30_R1	GYPGVQGPEDLEWER	GYPGVQGPEDLEWER	mzspec:PXD010154:01283_F04_P013187_S00_N30_R1:scan:26187:GYPGVQGPEDLEWER/2	DHHSTHYRASEEEPEYGEEIKGYPGVQGPEDLEWERYRGR	duodenum
01284_E04_P013188_B00_N29_R1	GYPGVQGPEDLEWER	GYPGVQGPEDLEWER	mzspec:PXD010154:01284_E04_P013188_B00_N29_R1:scan:29780:GYPGVQGPEDLEWER/2	DHHSTHYRASEEEPEYGEEIKGYPGVQGPEDLEWERYRGR	small intestine
01350_D04_P013681_S00_N28_R1	GYPGVQGPEDLEWER	GYPGVQGPEDLEWER	mzspec:PXD010154:01350_D04_P013681_S00_N28_R1:scan:28326:GYPGVQGPEDLEWER/2	DHHSTHYRASEEEPEYGEEIKGYPGVQGPEDLEWERYRGR	rectum
01350_A05_P013681_S00_N33_R1	ASEEEPEYGEEIKGYPGVQGPEDLEWER	ASEEEPEYGEEIKGYPGVQ[Deamidated]GPEDLEWER	mzspec:PXD010154:01350_A05_P013681_S00_N33_R1:scan:29351:ASEEEPEYGEEIKGYPGVQ[Deamidated]GPEDLEWER/3	DHHSTHYRASEEEPEYGEEIKGYPGVQGPEDLEWERYRGR	rectum
01350_H04_P013681_S00_N32_R1	ASEEEPEYGEEIKGYPGVQGPEDLEWER	ASEEEPEYGEEIKGYPGVQGPEDLEWER	mzspec:PXD010154:01350_H04_P013681_S00_N32_R1:scan:29714:ASEEEPEYGEEIKGYPGVQGPEDLEWER/3	DHHSTHYRASEEEPEYGEEIKGYPGVQGPEDLEWERYRGR	rectum
01697_B05_P018020_S00_N34_R1	DHHSTHYRASEEEPEYGEEIKGYPGVQGPEDLEWER	DHHSTHYRASEEEPEYGEEIKGYPGVQ[Deamidated]GPEDLEWER	mzspec:PXD010154:01697_B05_P018020_S00_N34_R1:scan:26972:DHHSTHYRASEEEPEYGEEIKGYPGVQ[Deamidated]GPEDLEWER/6	DHHSTHYRASEEEPEYGEEIKGYPGVQGPEDLEWERYRGR	pituitary hypophysis
01697_B05_P018020_S00_N34_R1	DHHSTHYRASEEEPEYGEEIKGYPGVQGPEDLEWER	DHHSTHYRASEEEPEYGEEIKGYPGVQ[Deamidated]GPEDLEWER	mzspec:PXD010154:01697_B05_P018020_S00_N34_R1:scan:27639:DHHSTHYRASEEEPEYGEEIKGYPGVQ[Deamidated]GPEDLEWER/6	DHHSTHYRASEEEPEYGEEIKGYPGVQGPEDLEWERYRGR	pituitary hypophysis
01697_B05_P018020_S00_N34_R1	ASEEEPEYGEEIKGYPGVQGPEDLEWER	ASEEEPEYGEEIKGYPGVQGPEDLEWER	mzspec:PXD010154:01697_B05_P018020_S00_N34_R1:scan:34251:ASEEEPEYGEEIKGYPGVQGPEDLEWER/3	DHHSTHYRASEEEPEYGEEIKGYPGVQGPEDLEWERYRGR	pituitary hypophysis
01697_A05_P018020_S00_N33_R1	ASEEEPEYGEEIKGYPGVQGPEDLEWER	ASEEEPEYGEEIKGYPGVQGPEDLEWER	mzspec:PXD010154:01697_A05_P018020_S00_N33_R1:scan:35225:ASEEEPEYGEEIKGYPGVQGPEDLEWER/3	DHHSTHYRASEEEPEYGEEIKGYPGVQGPEDLEWERYRGR	pituitary hypophysis
01697_A05_P018020_S00_N33_R1	ASEEEPEYGEEIKGYPGVQGPEDLEWER	ASEEEPEYGEEIKGYPGVQGPEDLEWER	mzspec:PXD010154:01697_A05_P018020_S00_N33_R1:scan:35552:ASEEEPEYGEEIKGYPGVQGPEDLEWER/3	DHHSTHYRASEEEPEYGEEIKGYPGVQGPEDLEWERYRGR	pituitary hypophysis
01697_A05_P018020_S00_N33_R1	ASEEEPEYGEEIKGYPGVQGPEDLEWER	ASEEEPEYGEEIKGYPGVQ[Deamidated]GPEDLEWER	mzspec:PXD010154:01697_A05_P018020_S00_N33_R1:scan:35649:ASEEEPEYGEEIKGYPGVQ[Deamidated]GPEDLEWER/3	DHHSTHYRASEEEPEYGEEIKGYPGVQGPEDLEWERYRGR	pituitary hypophysis
01697_A05_P018020_S00_N33_R1	ASEEEPEYGEEIKGYPGVQGPEDLEWER	ASEEEPEYGEEIKGYPGVQ[Deamidated]GPEDLEWER	mzspec:PXD010154:01697_A05_P018020_S00_N33_R1:scan:36050:ASEEEPEYGEEIKGYPGVQ[Deamidated]GPEDLEWER/3	DHHSTHYRASEEEPEYGEEIKGYPGVQGPEDLEWERYRGR	pituitary hypophysis
01697_D04_P018020_S00_N28_R2	GYPGVQGPEDLEWER	GYPGVQGPEDLEWER	mzspec:PXD010154:01697_D04_P018020_S00_N28_R2:scan:36076:GYPGVQGPEDLEWER/2	DHHSTHYRASEEEPEYGEEIKGYPGVQGPEDLEWERYRGR	pituitary hypophysis
01697_E04_P018020_S00_N29_R1	GYPGVQGPEDLEWER	GYPGVQGPEDLEWER	mzspec:PXD010154:01697_E04_P018020_S00_N29_R1:scan:36538:GYPGVQGPEDLEWER/2	DHHSTHYRASEEEPEYGEEIKGYPGVQGPEDLEWERYRGR	pituitary hypophysis
01697_H04_P018020_S00_N32_R1	ASEEEPEYGEEIKGYPGVQGPEDLEWER	ASEEEPEYGEEIKGYPGVQGPEDLEWER	mzspec:PXD010154:01697_H04_P018020_S00_N32_R1:scan:38025:ASEEEPEYGEEIKGYPGVQGPEDLEWER/3	DHHSTHYRASEEEPEYGEEIKGYPGVQGPEDLEWERYRGR	pituitary hypophysis
01697_H04_P018020_S00_N32_R1	ASEEEPEYGEEIKGYPGVQGPEDLEWER	ASEEEPEYGEEIKGYPGVQGPEDLEWER	mzspec:PXD010154:01697_H04_P018020_S00_N32_R1:scan:38443:ASEEEPEYGEEIKGYPGVQGPEDLEWER/3	DHHSTHYRASEEEPEYGEEIKGYPGVQGPEDLEWERYRGR	pituitary hypophysis
01698_E04_P018021_S00_N29_R1	GYPGVQGPEDLEWER	GYPGVQGPEDLEWER	mzspec:PXD010154:01698_E04_P018021_S00_N29_R1:scan:37263:GYPGVQGPEDLEWER/2	DHHSTHYRASEEEPEYGEEIKGYPGVQGPEDLEWERYRGR	pituitary hypophysis
01698_E04_P018021_S00_N29_R1	GYPGVQGPEDLEWER	GYPGVQGPEDLEWER	mzspec:PXD010154:01698_E04_P018021_S00_N29_R1:scan:37650:GYPGVQGPEDLEWER/2	DHHSTHYRASEEEPEYGEEIKGYPGVQGPEDLEWERYRGR	pituitary hypophysis
01698_E04_P018021_S00_N29_R1	GYPGVQGPEDLEWER	GYPGVQGPEDLEWER	mzspec:PXD010154:01698_E04_P018021_S00_N29_R1:scan:38043:GYPGVQGPEDLEWER/2	DHHSTHYRASEEEPEYGEEIKGYPGVQGPEDLEWERYRGR	pituitary hypophysis
01698_B05_P018021_S00_N34_R1	DHHSTHYRASEEEPEYGEEIKGYPGVQGPEDLEWER	DHHSTHYRASEEEPEYGEEIKGYPGVQ[Deamidated]GPEDLEWER	mzspec:PXD010154:01698_B05_P018021_S00_N34_R1:scan:27637:DHHSTHYRASEEEPEYGEEIKGYPGVQ[Deamidated]GPEDLEWER/5	DHHSTHYRASEEEPEYGEEIKGYPGVQGPEDLEWERYRGR	pituitary hypophysis
01698_B05_P018021_S00_N34_R1	DHHSTHYRASEEEPEYGEEIKGYPGVQGPEDLEWER	DHHSTHYRASEEEPEYGEEIKGYPGVQ[Deamidated]GPEDLEWER	mzspec:PXD010154:01698_B05_P018021_S00_N34_R1:scan:27706:DHHSTHYRASEEEPEYGEEIKGYPGVQ[Deamidated]GPEDLEWER/6	DHHSTHYRASEEEPEYGEEIKGYPGVQGPEDLEWERYRGR	pituitary hypophysis
01698_B05_P018021_S00_N34_R1	DHHSTHYRASEEEPEYGEEIKGYPGVQGPEDLEWER	DHHSTHYRASEEEPEYGEEIKGYPGVQ[Deamidated]GPEDLEWER	mzspec:PXD010154:01698_B05_P018021_S00_N34_R1:scan:28442:DHHSTHYRASEEEPEYGEEIKGYPGVQ[Deamidated]GPEDLEWER/6	DHHSTHYRASEEEPEYGEEIKGYPGVQGPEDLEWERYRGR	pituitary hypophysis
01698_B05_P018021_S00_N34_R1	ASEEEPEYGEEIKGYPGVQGPEDLEWER	ASEEEPEYGEEIKGYPGVQGPEDLEWER	mzspec:PXD010154:01698_B05_P018021_S00_N34_R1:scan:36172:ASEEEPEYGEEIKGYPGVQGPEDLEWER/3	DHHSTHYRASEEEPEYGEEIKGYPGVQGPEDLEWERYRGR	pituitary hypophysis
01698_A05_P018021_S00_N33_R1	DHHSTHYRASEEEPEYGEEIKGYPGVQGPEDLEWER	DHHSTHYRASEEEPEYGEEIKGYPGVQ[Deamidated]GPEDLEWER	mzspec:PXD010154:01698_A05_P018021_S00_N33_R1:scan:29773:DHHSTHYRASEEEPEYGEEIKGYPGVQ[Deamidated]GPEDLEWER/6	DHHSTHYRASEEEPEYGEEIKGYPGVQGPEDLEWERYRGR	pituitary hypophysis
01698_A05_P018021_S00_N33_R1	DHHSTHYRASEEEPEYGEEIKGYPGVQGPEDLEWER	DHHSTHYRASEEEPEYGEEIKGYPGVQ[Deamidated]GPEDLEWER	mzspec:PXD010154:01698_A05_P018021_S00_N33_R1:scan:30076:DHHSTHYRASEEEPEYGEEIKGYPGVQ[Deamidated]GPEDLEWER/6	DHHSTHYRASEEEPEYGEEIKGYPGVQGPEDLEWERYRGR	pituitary hypophysis
01698_A05_P018021_S00_N33_R1	DHHSTHYRASEEEPEYGEEIKGYPGVQGPEDLEWER	DHHSTHYRASEEEPEYGEEIKGYPGVQ[Deamidated]GPEDLEWER	mzspec:PXD010154:01698_A05_P018021_S00_N33_R1:scan:30284:DHHSTHYRASEEEPEYGEEIKGYPGVQ[Deamidated]GPEDLEWER/5	DHHSTHYRASEEEPEYGEEIKGYPGVQGPEDLEWERYRGR	pituitary hypophysis
01698_A05_P018021_S00_N33_R1	ASEEEPEYGEEIKGYPGVQGPEDLEWER	ASEEEPEYGEEIKGYPGVQGPEDLEWER	mzspec:PXD010154:01698_A05_P018021_S00_N33_R1:scan:36958:ASEEEPEYGEEIKGYPGVQGPEDLEWER/3	DHHSTHYRASEEEPEYGEEIKGYPGVQGPEDLEWERYRGR	pituitary hypophysis
01698_A05_P018021_S00_N33_R1	ASEEEPEYGEEIKGYPGVQGPEDLEWER	ASEEEPEYGEEIKGYPGVQGPEDLEWER	mzspec:PXD010154:01698_A05_P018021_S00_N33_R1:scan:37352:ASEEEPEYGEEIKGYPGVQGPEDLEWER/3	DHHSTHYRASEEEPEYGEEIKGYPGVQGPEDLEWERYRGR	pituitary hypophysis
01698_A05_P018021_S00_N33_R1	ASEEEPEYGEEIKGYPGVQGPEDLEWER	ASEEEPEYGEEIKGYPGVQ[Deamidated]GPEDLEWER	mzspec:PXD010154:01698_A05_P018021_S00_N33_R1:scan:37739:ASEEEPEYGEEIKGYPGVQ[Deamidated]GPEDLEWER/3	DHHSTHYRASEEEPEYGEEIKGYPGVQGPEDLEWERYRGR	pituitary hypophysis
01698_F04_P018021_S00_N30_R1	GYPGVQGPEDLEWER	GYPGVQGPEDLEWER	mzspec:PXD010154:01698_F04_P018021_S00_N30_R1:scan:37434:GYPGVQGPEDLEWER/2	DHHSTHYRASEEEPEYGEEIKGYPGVQGPEDLEWERYRGR	pituitary hypophysis
01698_H04_P018021_S00_N32_R1	GYPGVQGPEDLEWER	GYPGVQGPEDLEWER	mzspec:PXD010154:01698_H04_P018021_S00_N32_R1:scan:37366:GYPGVQGPEDLEWER/2	DHHSTHYRASEEEPEYGEEIKGYPGVQGPEDLEWERYRGR	pituitary hypophysis
01698_H04_P018021_S00_N32_R1	ASEEEPEYGEEIKGYPGVQGPEDLEWER	ASEEEPEYGEEIKGYPGVQ[Deamidated]GPEDLEWER	mzspec:PXD010154:01698_H04_P018021_S00_N32_R1:scan:39111:ASEEEPEYGEEIKGYPGVQ[Deamidated]GPEDLEWER/3	DHHSTHYRASEEEPEYGEEIKGYPGVQGPEDLEWERYRGR	pituitary hypophysis
01698_H04_P018021_S00_N32_R1	ASEEEPEYGEEIKGYPGVQGPEDLEWER	ASEEEPEYGEEIKGYPGVQ[Deamidated]GPEDLEWER	mzspec:PXD010154:01698_H04_P018021_S00_N32_R1:scan:39517:ASEEEPEYGEEIKGYPGVQ[Deamidated]GPEDLEWER/3	DHHSTHYRASEEEPEYGEEIKGYPGVQGPEDLEWERYRGR	pituitary hypophysis
01698_H04_P018021_S00_N32_R1	ASEEEPEYGEEIKGYPGVQGPEDLEWER	ASEEEPEYGEEIKGYPGVQ[Deamidated]GPEDLEWER	mzspec:PXD010154:01698_H04_P018021_S00_N32_R1:scan:39921:ASEEEPEYGEEIKGYPGVQ[Deamidated]GPEDLEWER/3	DHHSTHYRASEEEPEYGEEIKGYPGVQGPEDLEWERYRGR	pituitary hypophysis
01698_D04_P018021_S00_N28_R1	GYPGVQGPEDLEWER	GYPGVQGPEDLEWER	mzspec:PXD010154:01698_D04_P018021_S00_N28_R1:scan:36740:GYPGVQGPEDLEWER/2	DHHSTHYRASEEEPEYGEEIKGYPGVQGPEDLEWERYRGR	pituitary hypophysis
01698_D04_P018021_S00_N28_R1	GYPGVQGPEDLEWER	GYPGVQGPEDLEWER	mzspec:PXD010154:01698_D04_P018021_S00_N28_R1:scan:37258:GYPGVQGPEDLEWER/2	DHHSTHYRASEEEPEYGEEIKGYPGVQGPEDLEWERYRGR	pituitary hypophysis
01698_D04_P018021_S00_N28_R1	GYPGVQGPEDLEWER	GYPGVQGPEDLEWER	mzspec:PXD010154:01698_D04_P018021_S00_N28_R1:scan:37626:GYPGVQGPEDLEWER/2	DHHSTHYRASEEEPEYGEEIKGYPGVQGPEDLEWERYRGR	pituitary hypophysis
01698_D04_P018021_S00_N28_R1	GYPGVQGPEDLEWER	GYPGVQGPEDLEWER	mzspec:PXD010154:01698_D04_P018021_S00_N28_R1:scan:38009:GYPGVQGPEDLEWER/2	DHHSTHYRASEEEPEYGEEIKGYPGVQGPEDLEWERYRGR	pituitary hypophysis
01698_D04_P018021_S00_N28_R1	GYPGVQGPEDLEWER	GYPGVQGPEDLEWER	mzspec:PXD010154:01698_D04_P018021_S00_N28_R1:scan:38390:GYPGVQGPEDLEWER/2	DHHSTHYRASEEEPEYGEEIKGYPGVQGPEDLEWERYRGR	pituitary hypophysis
01698_D04_P018021_S00_N28_R1	GYPGVQGPEDLEWER	GYPGVQ[Deamidated]GPEDLEWER	mzspec:PXD010154:01698_D04_P018021_S00_N28_R1:scan:38753:GYPGVQ[Deamidated]GPEDLEWER/2	DHHSTHYRASEEEPEYGEEIKGYPGVQGPEDLEWERYRGR	pituitary hypophysis
01698_D04_P018021_S00_N28_R1	GYPGVQGPEDLEWER	GYPGVQGPEDLEWER	mzspec:PXD010154:01698_D04_P018021_S00_N28_R1:scan:39145:GYPGVQGPEDLEWER/2	DHHSTHYRASEEEPEYGEEIKGYPGVQGPEDLEWERYRGR	pituitary hypophysis
01698_G04_P018021_S00_N31_R1	GYPGVQGPEDLEWER	GYPGVQGPEDLEWER	mzspec:PXD010154:01698_G04_P018021_S00_N31_R1:scan:37909:GYPGVQGPEDLEWER/2	DHHSTHYRASEEEPEYGEEIKGYPGVQGPEDLEWERYRGR	pituitary hypophysis
01698_G04_P018021_S00_N31_R1	GYPGVQGPEDLEWER	GYPGVQ[Deamidated]GPEDLEWER	mzspec:PXD010154:01698_G04_P018021_S00_N31_R1:scan:39258:GYPGVQ[Deamidated]GPEDLEWER/2	DHHSTHYRASEEEPEYGEEIKGYPGVQGPEDLEWERYRGR	pituitary hypophysis
